Timestamp,Open,High,Low,Close,Volume_(BTC),Volume_(Currency),Weighted_Price
1417414020,300,300,300,300,0.01,3,300
1417416540,370,370,370,370,0.01,3.7,370
1417416600,370,370,370,370,0.02655554,9.8255498,370
1417477200,370,370,370,370,0.02655554,9.8255498,370
1417477260,370,370,370,370,0.02655554,9.8255498,370
1417477320,370,370,370,370,0.02655554,9.8255498,370
1417477380,370,370,370,370,0.02655554,9.8255498,370
1417477440,370,370,370,370,0.02655554,9.8255498,370
1417477500,370,370,370,370,0.02655554,9.8255498,370
1417477560,370,370,370,370,0.02655554,9.8255498,370
1417477620,370,370,370,370,0.02655554,9.8255498,370
1417477680,370,370,370,370,0.02655554,9.8255498,370
1417477740,370,370,370,370,0.02655554,9.8255498,370
1417477800,370,370,370,370,0.02655554,9.8255498,370
1417477860,370,370,370,370,0.02655554,9.8255498,370
1417477920,370,370,370,370,0.02655554,9.8255498,370
1417477980,370,370,370,370,0.02655554,9.8255498,370
1417478040,370,370,370,370,0.02655554,9.8255498,370
1417478100,370,370,370,370,0.02655554,9.8255498,370
1417478160,370,370,370,370,0.02655554,9.8255498,370
1417478220,370,370,370,370,0.02655554,9.8255498,370
1417478280,370,370,370,370,0.02655554,9.8255498,370
1417478340,370,370,370,370,0.02655554,9.8255498,370
1417478400,370,370,370,370,0.02655554,9.8255498,370
1417478460,370,370,370,370,0.02655554,9.8255498,370
1417478520,370,370,370,370,0.02655554,9.8255498,370
1417478580,370,370,370,370,0.02655554,9.8255498,370
1417478640,370,370,370,370,0.02655554,9.8255498,370
1417478700,370,370,370,370,0.02655554,9.8255498,370
1417478760,370,370,370,370,0.02655554,9.8255498,370
1417478820,370,370,370,370,0.02655554,9.8255498,370
1417478880,370,370,370,370,0.02655554,9.8255498,370
1417478940,370,370,370,370,0.02655554,9.8255498,370
1417479000,370,370,370,370,0.02655554,9.8255498,370
1417479060,370,370,370,370,0.02655554,9.8255498,370
1417479120,370,370,370,370,0.02655554,9.8255498,370
1417479180,370,370,370,370,0.02655554,9.8255498,370
1417479240,370,370,370,370,0.02655554,9.8255498,370
1417479300,370,370,370,370,0.02655554,9.8255498,370
1417479360,370,370,370,370,0.02655554,9.8255498,370
1417479420,370,370,370,370,0.02655554,9.8255498,370
1417479480,370,370,370,370,0.02655554,9.8255498,370
1417479540,370,370,370,370,0.02655554,9.8255498,370
1417479600,370,370,370,370,0.02655554,9.8255498,370
1417479660,370,370,370,370,0.02655554,9.8255498,370
1417479720,370,370,370,370,0.02655554,9.8255498,370
1417479780,370,370,370,370,0.02655554,9.8255498,370
1417479840,370,370,370,370,0.02655554,9.8255498,370
1417479900,370,370,370,370,0.02655554,9.8255498,370
1417479960,370,370,370,370,0.02655554,9.8255498,370
1417480020,370,370,370,370,0.02655554,9.8255498,370
1417480080,370,370,370,370,0.02655554,9.8255498,370
1417480140,370,370,370,370,0.02655554,9.8255498,370
1417480200,370,370,370,370,0.02655554,9.8255498,370
1417480260,370,370,370,370,0.02655554,9.8255498,370
1417480320,370,370,370,370,0.02655554,9.8255498,370
1417480380,370,370,370,370,0.02655554,9.8255498,370
1417480440,370,370,370,370,0.02655554,9.8255498,370
1417480500,370,370,370,370,0.02655554,9.8255498,370
1417480560,370,370,370,370,0.02655554,9.8255498,370
1417480620,370,370,370,370,0.02655554,9.8255498,370
1417480680,370,370,370,370,0.02655554,9.8255498,370
1417480740,370,370,370,370,0.02655554,9.8255498,370
1417480800,370,370,370,370,0.02655554,9.8255498,370
1417480860,370,370,370,370,0.02655554,9.8255498,370
1417480920,370,370,370,370,0.02655554,9.8255498,370
1417480980,370,370,370,370,0.02655554,9.8255498,370
1417481040,370,370,370,370,0.02655554,9.8255498,370
1417481100,370,370,370,370,0.02655554,9.8255498,370
1417481160,370,370,370,370,0.02655554,9.8255498,370
1417481220,370,370,370,370,0.02655554,9.8255498,370
1417481280,370,370,370,370,0.02655554,9.8255498,370
1417481340,370,370,370,370,0.02655554,9.8255498,370
1417481400,370,370,370,370,0.02655554,9.8255498,370
1417481460,370,370,370,370,0.02655554,9.8255498,370
1417481520,370,370,370,370,0.02655554,9.8255498,370
1417481580,370,370,370,370,0.02655554,9.8255498,370
1417481640,370,370,370,370,0.02655554,9.8255498,370
1417481700,370,370,370,370,0.02655554,9.8255498,370
1417481760,370,370,370,370,0.02655554,9.8255498,370
1417481820,370,370,370,370,0.02655554,9.8255498,370
1417481880,370,370,370,370,0.02655554,9.8255498,370
1417481940,370,370,370,370,0.02655554,9.8255498,370
1417482000,370,370,370,370,0.02655554,9.8255498,370
1417482060,370,370,370,370,0.02655554,9.8255498,370
1417482120,370,370,370,370,0.02655554,9.8255498,370
1417482180,370,370,370,370,0.02655554,9.8255498,370
1417482240,370,370,370,370,0.02655554,9.8255498,370
1417482300,370,370,370,370,0.02655554,9.8255498,370
1417482360,370,370,370,370,0.02655554,9.8255498,370
1417482420,370,370,370,370,0.02655554,9.8255498,370
1417482480,370,370,370,370,0.02655554,9.8255498,370
1417482540,370,370,370,370,0.02655554,9.8255498,370
1417482600,370,370,370,370,0.02655554,9.8255498,370
1417482660,370,370,370,370,0.02655554,9.8255498,370
1417482720,370,370,370,370,0.02655554,9.8255498,370
1417482780,370,370,370,370,0.02655554,9.8255498,370
1417482840,370,370,370,370,0.02655554,9.8255498,370
1417482900,370,370,370,370,0.02655554,9.8255498,370
1417482960,370,370,370,370,0.02655554,9.8255498,370
1417483020,370,370,370,370,0.02655554,9.8255498,370
1417483080,370,370,370,370,0.02655554,9.8255498,370
1417483140,370,370,370,370,0.02655554,9.8255498,370
1417483200,370,370,370,370,0.02655554,9.8255498,370
1417483260,370,370,370,370,0.02655554,9.8255498,370
1417483320,370,370,370,370,0.02655554,9.8255498,370
1417483380,370,370,370,370,0.02655554,9.8255498,370
1417483440,370,370,370,370,0.02655554,9.8255498,370
1417483500,370,370,370,370,0.02655554,9.8255498,370
1417483560,370,370,370,370,0.02655554,9.8255498,370
1417483620,370,370,370,370,0.02655554,9.8255498,370
1417483680,370,370,370,370,0.02655554,9.8255498,370
1417483740,370,370,370,370,0.02655554,9.8255498,370
1417483800,370,370,370,370,0.02655554,9.8255498,370
1417483860,370,370,370,370,0.02655554,9.8255498,370
1417483920,370,370,370,370,0.02655554,9.8255498,370
1417483980,370,370,370,370,0.02655554,9.8255498,370
1417484040,370,370,370,370,0.02655554,9.8255498,370
1417484100,370,370,370,370,0.02655554,9.8255498,370
1417484160,370,370,370,370,0.02655554,9.8255498,370
1417484220,370,370,370,370,0.02655554,9.8255498,370
1417484280,370,370,370,370,0.02655554,9.8255498,370
1417484340,370,370,370,370,0.02655554,9.8255498,370
1417484400,370,370,370,370,0.02655554,9.8255498,370
1417484460,370,370,370,370,0.02655554,9.8255498,370
1417484520,370,370,370,370,0.02655554,9.8255498,370
1417484580,370,370,370,370,0.02655554,9.8255498,370
1417484640,370,370,370,370,0.02655554,9.8255498,370
1417484700,370,370,370,370,0.02655554,9.8255498,370
1417484760,370,370,370,370,0.02655554,9.8255498,370
1417484820,370,370,370,370,0.02655554,9.8255498,370
1417484880,370,370,370,370,0.02655554,9.8255498,370
1417484940,370,370,370,370,0.02655554,9.8255498,370
1417485000,370,370,370,370,0.02655554,9.8255498,370
1417485060,370,370,370,370,0.02655554,9.8255498,370
1417485120,370,370,370,370,0.02655554,9.8255498,370
1417485180,370,370,370,370,0.02655554,9.8255498,370
1417485240,370,370,370,370,0.02655554,9.8255498,370
1417485300,370,370,370,370,0.02655554,9.8255498,370
1417485360,370,370,370,370,0.02655554,9.8255498,370
1417485420,370,370,370,370,0.02655554,9.8255498,370
1417485480,370,370,370,370,0.02655554,9.8255498,370
1417485540,370,370,370,370,0.02655554,9.8255498,370
1417485600,370,370,370,370,0.02655554,9.8255498,370
1417485660,370,370,370,370,0.02655554,9.8255498,370
1417485720,370,370,370,370,0.02655554,9.8255498,370
1417485780,370,370,370,370,0.02655554,9.8255498,370
1417485840,370,370,370,370,0.02655554,9.8255498,370
1417485900,370,370,370,370,0.02655554,9.8255498,370
1417485960,370,370,370,370,0.02655554,9.8255498,370
1417486020,370,370,370,370,0.02655554,9.8255498,370
1417486080,370,370,370,370,0.02655554,9.8255498,370
1417486140,370,370,370,370,0.02655554,9.8255498,370
1417486200,370,370,370,370,0.02655554,9.8255498,370
1417486260,370,370,370,370,0.02655554,9.8255498,370
1417486320,370,370,370,370,0.02655554,9.8255498,370
1417486380,370,370,370,370,0.02655554,9.8255498,370
1417486440,370,370,370,370,0.02655554,9.8255498,370
1417486500,370,370,370,370,0.02655554,9.8255498,370
1417486560,370,370,370,370,0.02655554,9.8255498,370
1417486620,370,370,370,370,0.02655554,9.8255498,370
1417486680,370,370,370,370,0.02655554,9.8255498,370
1417486740,370,370,370,370,0.02655554,9.8255498,370
1417486800,370,370,370,370,0.02655554,9.8255498,370
1417486860,370,370,370,370,0.02655554,9.8255498,370
1417486920,370,370,370,370,0.02655554,9.8255498,370
1417486980,370,370,370,370,0.02655554,9.8255498,370
1417487040,370,370,370,370,0.02655554,9.8255498,370
1417487100,370,370,370,370,0.02655554,9.8255498,370
1417487160,370,370,370,370,0.02655554,9.8255498,370
1417487220,370,370,370,370,0.02655554,9.8255498,370
1417487280,370,370,370,370,0.02655554,9.8255498,370
1417487340,370,370,370,370,0.02655554,9.8255498,370
1417487400,370,370,370,370,0.02655554,9.8255498,370
1417487460,370,370,370,370,0.02655554,9.8255498,370
1417487520,370,370,370,370,0.02655554,9.8255498,370
1417487580,370,370,370,370,0.02655554,9.8255498,370
1417487640,370,370,370,370,0.02655554,9.8255498,370
1417487700,370,370,370,370,0.02655554,9.8255498,370
1417487760,370,370,370,370,0.02655554,9.8255498,370
1417487820,370,370,370,370,0.02655554,9.8255498,370
1417487880,370,370,370,370,0.02655554,9.8255498,370
1417487940,370,370,370,370,0.02655554,9.8255498,370
1417488000,370,370,370,370,0.02655554,9.8255498,370
1417488060,370,370,370,370,0.02655554,9.8255498,370
1417488120,370,370,370,370,0.02655554,9.8255498,370
1417488180,370,370,370,370,0.02655554,9.8255498,370
1417488240,370,370,370,370,0.02655554,9.8255498,370
1417488300,370,370,370,370,0.02655554,9.8255498,370
1417488360,370,370,370,370,0.02655554,9.8255498,370
1417488420,370,370,370,370,0.02655554,9.8255498,370
1417488480,370,370,370,370,0.02655554,9.8255498,370
1417488540,370,370,370,370,0.02655554,9.8255498,370
1417488600,370,370,370,370,0.02655554,9.8255498,370
1417488660,370,370,370,370,0.02655554,9.8255498,370
1417488720,370,370,370,370,0.02655554,9.8255498,370
1417488780,370,370,370,370,0.02655554,9.8255498,370
1417488840,370,370,370,370,0.02655554,9.8255498,370
1417488900,370,370,370,370,0.02655554,9.8255498,370
1417488960,370,370,370,370,0.02655554,9.8255498,370
1417489020,370,370,370,370,0.02655554,9.8255498,370
1417489080,370,370,370,370,0.02655554,9.8255498,370
1417489140,370,370,370,370,0.02655554,9.8255498,370
1417489200,370,370,370,370,0.02655554,9.8255498,370
1417489260,370,370,370,370,0.02655554,9.8255498,370
1417489320,370,370,370,370,0.02655554,9.8255498,370
1417489380,370,370,370,370,0.02655554,9.8255498,370
1417489440,370,370,370,370,0.02655554,9.8255498,370
1417489500,370,370,370,370,0.02655554,9.8255498,370
1417489560,370,370,370,370,0.02655554,9.8255498,370
1417489620,370,370,370,370,0.02655554,9.8255498,370
1417489680,370,370,370,370,0.02655554,9.8255498,370
1417489740,370,370,370,370,0.02655554,9.8255498,370
1417489800,370,370,370,370,0.02655554,9.8255498,370
1417489860,370,370,370,370,0.02655554,9.8255498,370
1417489920,370,370,370,370,0.02655554,9.8255498,370
1417489980,370,370,370,370,0.02655554,9.8255498,370
1417490040,370,370,370,370,0.02655554,9.8255498,370
1417490100,370,370,370,370,0.02655554,9.8255498,370
1417490160,370,370,370,370,0.02655554,9.8255498,370
1417490220,370,370,370,370,0.02655554,9.8255498,370
1417490280,370,370,370,370,0.02655554,9.8255498,370
1417490340,370,370,370,370,0.02655554,9.8255498,370
1417490400,370,370,370,370,0.02655554,9.8255498,370
1417490460,370,370,370,370,0.02655554,9.8255498,370
1417490520,370,370,370,370,0.02655554,9.8255498,370
1417490580,370,370,370,370,0.02655554,9.8255498,370
1417490640,370,370,370,370,0.02655554,9.8255498,370
1417490700,370,370,370,370,0.02655554,9.8255498,370
1417490760,370,370,370,370,0.02655554,9.8255498,370
1417490820,370,370,370,370,0.02655554,9.8255498,370
1417490880,370,370,370,370,0.02655554,9.8255498,370
1417490940,370,370,370,370,0.02655554,9.8255498,370
1417491000,370,370,370,370,0.02655554,9.8255498,370
1417491060,370,370,370,370,0.02655554,9.8255498,370
1417491120,370,370,370,370,0.02655554,9.8255498,370
1417491180,370,370,370,370,0.02655554,9.8255498,370
1417491240,370,370,370,370,0.02655554,9.8255498,370
1417491300,370,370,370,370,0.02655554,9.8255498,370
1417491360,370,370,370,370,0.02655554,9.8255498,370
1417491420,370,370,370,370,0.02655554,9.8255498,370
1417491480,370,370,370,370,0.02655554,9.8255498,370
1417491540,370,370,370,370,0.02655554,9.8255498,370
1417491600,370,370,370,370,0.02655554,9.8255498,370
1417491660,370,370,370,370,0.02655554,9.8255498,370
1417491720,370,370,370,370,0.02655554,9.8255498,370
1417491780,370,370,370,370,0.02655554,9.8255498,370
1417491840,370,370,370,370,0.02655554,9.8255498,370
1417491900,370,370,370,370,0.02655554,9.8255498,370
1417491960,370,370,370,370,0.02655554,9.8255498,370
1417492020,370,370,370,370,0.02655554,9.8255498,370
1417492080,370,370,370,370,0.02655554,9.8255498,370
1417492140,370,370,370,370,0.02655554,9.8255498,370
1417492200,370,370,370,370,0.02655554,9.8255498,370
1417492260,370,370,370,370,0.02655554,9.8255498,370
1417492320,370,370,370,370,0.02655554,9.8255498,370
1417492380,370,370,370,370,0.02655554,9.8255498,370
1417492440,370,370,370,370,0.02655554,9.8255498,370
1417492500,370,370,370,370,0.02655554,9.8255498,370
1417492560,370,370,370,370,0.02655554,9.8255498,370
1417492620,370,370,370,370,0.02655554,9.8255498,370
1417492680,370,370,370,370,0.02655554,9.8255498,370
1417492740,370,370,370,370,0.02655554,9.8255498,370
1417492800,370,370,370,370,0.02655554,9.8255498,370
1417492860,370,370,370,370,0.02655554,9.8255498,370
1417492920,370,370,370,370,0.02655554,9.8255498,370
1417492980,370,370,370,370,0.02655554,9.8255498,370
1417493040,370,370,370,370,0.02655554,9.8255498,370
1417493100,370,370,370,370,0.02655554,9.8255498,370
1417493160,370,370,370,370,0.02655554,9.8255498,370
1417493220,370,370,370,370,0.02655554,9.8255498,370
1417493280,370,370,370,370,0.02655554,9.8255498,370
1417493340,370,370,370,370,0.02655554,9.8255498,370
1417493400,370,370,370,370,0.02655554,9.8255498,370
1417493460,370,370,370,370,0.02655554,9.8255498,370
1417493520,370,370,370,370,0.02655554,9.8255498,370
1417493580,370,370,370,370,0.02655554,9.8255498,370
1417493640,370,370,370,370,0.02655554,9.8255498,370
1417493700,370,370,370,370,0.02655554,9.8255498,370
1417493760,370,370,370,370,0.02655554,9.8255498,370
1417493820,370,370,370,370,0.02655554,9.8255498,370
1417493880,370,370,370,370,0.02655554,9.8255498,370
1417493940,370,370,370,370,0.02655554,9.8255498,370
1417494000,370,370,370,370,0.02655554,9.8255498,370
1417494060,370,370,370,370,0.02655554,9.8255498,370
1417494120,370,370,370,370,0.02655554,9.8255498,370
1417494180,370,370,370,370,0.02655554,9.8255498,370
1417494240,370,370,370,370,0.02655554,9.8255498,370
1417494300,370,370,370,370,0.02655554,9.8255498,370
1417494360,370,370,370,370,0.02655554,9.8255498,370
1417494420,370,370,370,370,0.02655554,9.8255498,370
1417494480,370,370,370,370,0.02655554,9.8255498,370
1417494540,370,370,370,370,0.02655554,9.8255498,370
1417494600,370,370,370,370,0.02655554,9.8255498,370
1417494660,370,370,370,370,0.02655554,9.8255498,370
1417494720,370,370,370,370,0.02655554,9.8255498,370
1417494780,370,370,370,370,0.02655554,9.8255498,370
1417494840,370,370,370,370,0.02655554,9.8255498,370
1417494900,370,370,370,370,0.02655554,9.8255498,370
1417494960,370,370,370,370,0.02655554,9.8255498,370
1417495020,370,370,370,370,0.02655554,9.8255498,370
1417495080,370,370,370,370,0.02655554,9.8255498,370
1417495140,370,370,370,370,0.02655554,9.8255498,370
1417495200,370,370,370,370,0.02655554,9.8255498,370
1417495260,370,370,370,370,0.02655554,9.8255498,370
1417495320,370,370,370,370,0.02655554,9.8255498,370
1417495380,370,370,370,370,0.02655554,9.8255498,370
1417495440,370,370,370,370,0.02655554,9.8255498,370
1417495500,370,370,370,370,0.02655554,9.8255498,370
1417495560,370,370,370,370,0.02655554,9.8255498,370
1417495620,370,370,370,370,0.02655554,9.8255498,370
1417495680,370,370,370,370,0.02655554,9.8255498,370
1417495740,370,370,370,370,0.02655554,9.8255498,370
1417495800,370,370,370,370,0.02655554,9.8255498,370
1417495860,370,370,370,370,0.02655554,9.8255498,370
1417495920,370,370,370,370,0.02655554,9.8255498,370
1417495980,370,370,370,370,0.02655554,9.8255498,370
1417496040,370,370,370,370,0.02655554,9.8255498,370
1417496100,370,370,370,370,0.02655554,9.8255498,370
1417496160,370,370,370,370,0.02655554,9.8255498,370
1417496220,370,370,370,370,0.02655554,9.8255498,370
1417496280,370,370,370,370,0.02655554,9.8255498,370
1417496340,370,370,370,370,0.02655554,9.8255498,370
1417496400,370,370,370,370,0.02655554,9.8255498,370
1417496460,370,370,370,370,0.02655554,9.8255498,370
1417496520,370,370,370,370,0.02655554,9.8255498,370
1417496580,370,370,370,370,0.02655554,9.8255498,370
1417496640,370,370,370,370,0.02655554,9.8255498,370
1417496700,370,370,370,370,0.02655554,9.8255498,370
1417496760,370,370,370,370,0.02655554,9.8255498,370
1417496820,370,370,370,370,0.02655554,9.8255498,370
1417496880,370,370,370,370,0.02655554,9.8255498,370
1417496940,370,370,370,370,0.02655554,9.8255498,370
1417497000,370,370,370,370,0.02655554,9.8255498,370
1417497060,370,370,370,370,0.02655554,9.8255498,370
1417497120,370,370,370,370,0.02655554,9.8255498,370
1417497180,370,370,370,370,0.02655554,9.8255498,370
1417497240,370,370,370,370,0.02655554,9.8255498,370
1417497300,370,370,370,370,0.02655554,9.8255498,370
1417497360,370,370,370,370,0.02655554,9.8255498,370
1417497420,370,370,370,370,0.02655554,9.8255498,370
1478430240,716.59,716.59,716.59,716.59,0.64915,465.1743985,716.59
1478430300,716.66,716.68,716.66,716.68,0.25258,181.016871,716.67143479
1478430360,716.41,716.41,716.07,716.07,0.31549,225.92031958,716.09344061
1478430420,716.04,716.04,716.04,716.04,0.0133,9.523332,716.04
1478430480,716.26,716.65,716.26,716.62,5.09586,3651.6148792,716.58461559
1478430540,716.39,716.39,716.39,716.39,0.0377,27.007903,716.39
1478430600,716.39,716.39,716.39,716.39,0.0377,27.007903,716.39
1478430660,716.39,716.39,716.39,716.39,0.0377,27.007903,716.39
1478430720,716.8,716.8,716.8,716.8,0.30548,218.968064,716.8
1478435700,716.06,716.06,715.96,715.96,0.40124,287.2814914,715.98417754
1478435760,716.27,716.27,716.27,716.27,0.09228,66.0973956,716.27
1478435820,716.06,716.06,715.41,715.66,3.24543,2322.1573041,715.51606539
1478435880,715.65,715.79,715.55,715.55,0.03884,27.795883944,715.65097694
1478435940,715.65,715.65,715.65,715.65,0.01,7.1565,715.65
1478436000,715.92,716.01,715.92,716.01,0.10111,72.3889169,715.94221046
1478436060,715.92,716.01,715.92,716.01,0.10111,72.3889169,715.94221046
1478436120,716.04,716.04,715.63,715.63,0.02191,15.684034242,715.83907998
1478436180,715.68,715.68,715.51,715.51,0.57941,414.5776491,715.51690357
1478436240,715.51,715.78,715.51,715.78,1.52203,1089.338323,715.71409436
1478436300,715.78,715.78,715.2,715.62,2.00166,1432.2972462,715.55471268
1478436360,715.43,715.58,715.22,715.58,1.12737742,806.36618511,715.25841373
1478436420,715.52,715.69,715.35,715.35,3.54410577,2536.2588951,715.62731468
1478436480,715.2,715.49,715.2,715.49,0.441,315.4496,715.30521542
1507452360,4456.05,4456.05,4456.04,4456.04,0.8334176,3713.7455215,4456.0440306
1507452420,4456.05,4456.05,4456.05,4456.05,0.60291665,2686.6267382,4456.05
1507452480,4456.05,4456.05,4456.04,4456.04,3.7899965,16888.376589,4456.0401544
1507452540,4456.04,4456.05,4453.6,4453.62,4.8584586,21645.667936,4455.2541697
1507452600,4453.62,4453.62,4453.61,4453.61,8.99427604,40056.998363,4453.6100721
1507452660,4453.61,4453.62,4453.6,4453.61,3.37941078,15050.557307,4453.6039822
1507452720,4453.6,4453.61,4453.6,4453.61,1.72201607,7669.1771922,4453.6037298
1507452780,4453.61,4453.61,4453.6,4453.61,1.17369239,5227.163043,4453.605636
1507954200,5667.86,5667.86,5667.86,5667.86,2.26762562,12852.584547,5667.86
1507954260,5667.86,5667.86,5664.66,5667.83,3.04952506,17284.244268,5667.8479198
1507954320,5667.72,5667.73,5660,5662.33,2.6173282,14817.88922,5661.4562973
1507954380,5662.32,5666.93,5662.31,5662.5,2.74645719,15553.369597,5663.0664603
1507954440,5662.5,5662.51,5662.5,5662.51,19.92804715,112842.61827,5662.5025734
1507954500,5662.51,5662.51,5662.5,5662.51,6.43378886,36431.388124,5662.5091243
1507954560,5662.51,5667.86,5662.51,5667.86,7.548308,42763.395004,5665.2954548
1507954620,5667.86,5667.86,5667.85,5667.85,3.45306826,19571.492973,5667.8558023
1507954680,5667.86,5667.86,5667.85,5667.86,1.99643805,11315.528832,5667.8587307
1507954740,5667.85,5667.86,5667,5667,11.56676639,65555.138919,5667.5423976
1507954800,5667.34,5667.34,5667.01,5667.2,1.11510816,6319.5063432,5667.1689527
1507954860,5667.2,5667.2,5667,5667.01,3.56127232,20182.166591,5667.1225275
1507954920,5667.01,5667.01,5667,5667.01,0.94962855,5381.5540271,5667.0095135
1507954980,5667.01,5667.01,5662.5,5665.24,4.27797541,24237.066579,5665.5460251
1507955040,5665.24,5665.26,5662.4,5663.93,3.7504049,21242.014031,5663.925522
1507955100,5662.41,5664,5660.02,5663.98,3.50543962,19846.721702,5661.6926416
1507955160,5663.86,5663.86,5660.02,5660.04,1.33184689,7538.4261479,5660.1297075
1507955220,5660.04,5660.92,5660,5660,4.75313725,26904.034342,5660.2687712
1507955280,5660.01,5660.09,5660,5660.09,3.5933657,20338.461259,5660.0031716
1507955340,5660.09,5660.09,5660.08,5660.09,7.7651425,43951.327763,5660.0800002
1507955400,5660.09,5660.5,5660.09,5660.49,10.05947951,56941.557998,5660.4874975
1507955460,5660.5,5661.55,5660.5,5661.33,1.88204178,10653.865915,5660.8020229
1507955520,5661.33,5661.33,5661.32,5661.33,2.85132515,16142.289111,5661.3287725
1507955580,5661.33,5661.33,5661.32,5661.33,4.56157493,25824.56387,5661.326245
1507955640,5661.33,5661.33,5655.14,5655.15,12.79913596,72440.217182,5659.7740198
1507955700,5655.15,5655.15,5655.14,5655.15,1.62771739,9204.977016,5655.1444818
1507955760,5655.15,5655.15,5655.14,5655.15,2.96663689,16776.756176,5655.1431127
1507955820,5655.15,5655.15,5655.15,5655.15,0.82072516,4641.3238886,5655.15
1507955880,5655.15,5655.15,5655,5655.01,11.54973971,65315.219523,5655.1248048
1507955940,5655.01,5655.01,5651.05,5651.06,3.85212889,21771.136273,5651.7154266
1507956000,5651.06,5651.06,5650,5650.01,2.60851134,14738.531926,5650.1697731
1507956060,5650.01,5650.01,5650,5650,6.23290773,35215.935613,5650.0011132
1507956120,5650,5650.01,5645.32,5645.33,1.4164673,7998.96168,5647.1206077
1507956180,5645.33,5645.33,5645.32,5645.33,1.74850738,9870.9001601,5645.3294238
1507956240,5645.33,5645.33,5645.32,5645.33,2.43266438,13733.191204,5645.3291779
1507956300,5645.33,5645.33,5645.32,5645.32,0.46097458,2602.3520304,5645.3265394
1507956360,5645.33,5645.33,5645.33,5645.33,0.45502519,2568.7673559,5645.33
1507956420,5645.33,5645.36,5645.32,5645.36,4.47563279,25266.493771,5645.345576
1507956480,5645.36,5645.5,5645.36,5645.49,3.84652519,21715.28929,5645.4301524
1507956540,5645.5,5660,5645.5,5660,2.52195866,14251.764579,5651.0698631
1507956600,5660,5660,5659.99,5660,1.86661313,10565.01552,5659.9920734
1507956660,5660,5660,5659.99,5659.99,1.98855446,11255.216738,5659.9992429
1507956720,5659.99,5660,5659.99,5660,6.47523134,36649.762185,5659.9927108
1507956780,5660,5660,5659.99,5659.99,3.14120884,17779.21281,5659.9906963
1507956840,5660,5660,5647.67,5647.91,4.63201517,26175.947957,5651.0928822
1507956900,5650.7,5654.28,5650.69,5650.7,1.98136424,11198.1703,5651.7474546
1507956960,5650.71,5651.53,5650.71,5651.53,1.52841228,8637.6604393,5651.3942948
1507957020,5653.47,5654.17,5645.35,5645.35,17.66238716,99756.16277,5647.9433876
1507957080,5645.36,5645.36,5640,5640,9.75414693,55035.511091,5642.268
1507957140,5640.01,5640.01,5639.51,5639.52,1.7051039,9616.7859655,5639.9999821
1507957200,5639.52,5639.52,5615.02,5616.1,18.17522562,102194.81928,5622.7538195
1507957260,5618.19,5624.99,5618.19,5620.26,6.20964196,34920.149193,5623.5366577
1507957320,5620.26,5620.26,5620.05,5620.06,1.36572588,7675.6383972,5620.1896073
1507957380,5620.24,5620.26,5620.24,5620.26,0.57847321,3251.1658432,5620.2530852
1507957440,5620.26,5620.26,5620.25,5620.25,1.92453025,10816.342366,5620.2506385
1507957500,5620.25,5620.26,5605.53,5610.22,40.11692639,225087.98775,5610.7984337
1507957560,5610.22,5610.22,5608.05,5608.05,2.76683084,15516.539848,5608.0551162
1507957620,5608.06,5608.06,5594.95,5594.95,23.88193209,133783.82587,5601.8845278
1507957680,5594.95,5594.95,5590.25,5590.26,6.05039877,33838.569356,5592.7833259
1507957740,5590.25,5616.68,5590.25,5613.62,27.03455007,151635.01463,5608.9342798
1507957800,5613.63,5613.63,5600.21,5602.96,4.08836854,22937.346913,5610.3912082
1507957860,5602.96,5608.38,5602.96,5607.19,3.37285293,18905.967103,5605.3339695
1507957920,5606.22,5608,5606.01,5608,1.91358538,10728.166099,5606.3169228
1507957980,5608,5610,5608,5608.88,1.46058223,8192.693898,5609.197298
1507958040,5608.86,5608.86,5608.85,5608.85,0.93242534,5229.8338683,5608.85
1507958100,5608.85,5608.85,5606,5606.01,2.8950796,16233.660014,5607.3276928
1507958160,5606.01,5606.01,5591.5,5591.5,3.54165959,19830.697348,5599.2669098
1507958220,5591.51,5591.51,5590.27,5590.28,12.1492964,67931.049974,5591.3567121
1507958280,5590.28,5593.2,5590.28,5590.74,2.52257261,14103.470128,5590.9075014
1507958340,5590.9,5590.9,5590,5590.01,1.89082484,10570.211828,5590.2649489
1507958400,5590.01,5592.24,5590,5592.24,4.0710956,22757.853215,5590.1053307
1507958460,5597.4,5597.4,5590.03,5593.7,5.599488,31326.258072,5594.4861517
1507958520,5593.65,5593.65,5589.95,5589.95,2.49311326,13936.562015,5590.0236216
1507958580,5589.96,5596.93,5589.96,5596.69,1.86396291,10421.144364,5590.8539318
1507958640,5596.35,5596.35,5590.96,5593.55,0.85937514,4806.8423372,5593.4156266
1507958700,5593.55,5593.55,5590,5590.4,3.07139526,17171.935251,5590.9232766
1507958760,5595.69,5595.74,5595.69,5595.74,1.91661205,10724.845886,5595.7312205
1507958820,5595.74,5597.37,5595.74,5597.36,3.39522278,19004.016821,5597.2812544
1507958880,5597.37,5600,5597.37,5598.88,5.68270441,31815.973378,5598.7380448
1507958940,5598.89,5599.39,5598.88,5598.91,1.31920178,7386.0871494,5598.9062943
1507959000,5598.92,5599.38,5598.92,5598.92,6.7264394,37660.796086,5598.9200001
1507959060,5598.92,5599.39,5598.91,5599.39,1.60227686,8971.0175547,5598.9185007
1507959120,5599.39,5603.01,5599.38,5603.01,2.46836467,13825.79795,5601.1974723
1507959180,5603.01,5623.19,5603.01,5615.01,52.28930503,293712.03138,5617.0574692
1507959240,5615.02,5623.11,5615.02,5616.28,23.33928922,131145.83192,5619.1013651
1507959300,5618.5,5624.86,5618.29,5623.19,13.08358475,73542.306868,5620.9600253
1507959360,5623.19,5629.92,5623.19,5625.51,13.92274383,78323.93407,5625.6105138
1507959420,5625.51,5625.51,5609.27,5609.27,6.97769503,39211.023007,5619.4807653
1507959480,5609.28,5609.28,5597.24,5600.77,5.99712015,33587.510278,5600.6065307
1507959540,5600.77,5600.78,5600.76,5600.76,1.09639151,6140.6345059,5600.7680194
1507959600,5600.78,5600.78,5600.77,5600.77,0.59315854,3322.1446579,5600.7701717
1507959660,5600.77,5600.78,5600.77,5600.78,1.24242542,6958.544985,5600.7748014
1507959720,5600.78,5600.78,5600.78,5600.78,2.21672542,12415.391398,5600.78
1507959780,5600.78,5600.8,5600.78,5600.8,0.92942542,5205.5110828,5600.7840659
1507959840,5600.8,5600.87,5600.8,5600.87,1.84403477,10328.179389,5600.859353
1507959900,5600.87,5601.14,5600.86,5601.14,2.75375213,15423.625524,5600.9491037
1507959960,5601.14,5601.14,5601.13,5601.14,0.72596711,4066.2396065,5601.1347491
1507960020,5601.14,5601.14,5588,5596.11,31.97519573,179040.89108,5599.3681037
1507960080,5598.7,5598.7,5596.11,5596.81,0.58383604,3267.58336,5596.7482925
1507960140,5596.5,5598.22,5596.26,5596.63,2.40114074,13441.524143,5597.9742956
1507960200,5596.63,5596.7,5596.62,5596.7,0.76174669,4263.2149236,5596.6307167
1507960260,5596.7,5596.7,5596.47,5596.47,0.55419319,3101.6506598,5596.6957296
1507960320,5596.47,5596.7,5596.44,5596.7,2.53119187,14165.714442,5596.4601538
1507960380,5596.7,5596.7,5596.7,5596.7,1.14162137,6389.3123215,5596.7
1507960440,5596.7,5596.7,5596.7,5596.7,1.31512543,7360.3624941,5596.7
1507960500,5596.7,5596.7,5596.7,5596.7,0.56925831,3185.9679836,5596.7
1507960560,5596.7,5596.7,5596.69,5596.7,0.61592543,3447.1460811,5596.6938743
1507960620,5596.7,5596.7,5596.69,5596.7,2.70215043,15123.125187,5596.699954
1507960680,5596.7,5596.7,5596.7,5596.7,0.62714854,3509.9622338,5596.7
1507960740,5596.7,5596.7,5596.7,5596.7,0.92194854,5159.8693938,5596.7
1507960800,5596.7,5596.7,5596.69,5596.69,0.52963039,2964.1796497,5596.6948001
1507960860,5596.7,5596.7,5596.69,5596.69,0.82012543,4589.9881931,5596.690488
1507960920,5596.7,5596.7,5596.69,5596.7,0.5327746,2981.7755757,5596.6924393
1507960980,5596.7,5596.7,5596.7,5596.7,0.81152543,4541.8643741,5596.7
1507961040,5596.7,5596.7,5596.69,5596.7,0.27748743,1553.0117235,5596.6921582
1507961100,5596.7,5596.7,5596.69,5596.7,3.23497266,18105.161065,5596.6967786
1507961160,5596.7,5596.7,5596.69,5596.69,7.21768589,40395.159765,5596.6912914
1507961220,5596.7,5596.7,5588.12,5591.88,6.95042729,38874.736084,5593.1433367
1507961280,5591.88,5591.88,5591.66,5591.68,3.87643198,21676.251192,5591.8048618
1507961340,5591.68,5591.68,5591.68,5591.68,1.26505085,7073.7595369,5591.68
1507961400,5591.68,5591.68,5584.17,5584.18,13.56099979,75768.272026,5587.2187301
1507961460,5584.18,5584.18,5584.18,5584.18,3.68612041,20583.959871,5584.18
1507961520,5584.18,5584.18,5584.18,5584.18,2.9273915,16347.081066,5584.18
1507961580,5584.18,5584.18,5584.17,5584.18,1.99984276,11167.469511,5584.1737834
1507961640,5584.18,5584.18,5581,5581,6.08121062,33950.174195,5582.7986098
1507961700,5581.01,5581.01,5580.01,5580.01,9.24358554,51586.922841,5580.8346899
1507961760,5580.01,5580.01,5580,5580.01,4.64711472,25930.915109,5580.0032216
1507961820,5580.01,5591.52,5580.01,5591.52,13.35639511,74586.304399,5584.3140147
1507961880,5591.63,5592.96,5588.08,5590.26,2.35694373,13180.976697,5592.4019436
1507961940,5590.26,5592.95,5590.26,5592.94,0.53102545,2968.5703417,5590.260018
1507962000,5592.95,5592.95,5590.26,5591.85,4.17392539,23339.234678,5591.6751014
1507962060,5591.85,5591.91,5591.85,5591.86,2.46209151,13767.687073,5591.8665156
1507962120,5591.86,5591.86,5591.86,5591.86,0.69542544,3888.7217009,5591.86
1507962180,5591.86,5591.86,5591.85,5591.86,1.83967237,10287.177627,5591.8530903
1507962240,5591.86,5591.86,5591.85,5591.86,0.94657895,5293.1323163,5591.8550865
1507962300,5591.86,5591.86,5591.86,5591.86,2.00983376,11238.709009,5591.86
1507962360,5591.86,5591.86,5591.85,5591.86,1.84702544,10328.289625,5591.8502264
1507962420,5591.86,5591.86,5591.86,5591.86,0.31582544,1766.0516449,5591.86
1507962480,5591.86,5591.86,5591.85,5591.85,0.87861948,4913.117008,5591.8598664
1507962540,5591.86,5591.86,5580.68,5581.66,9.97882672,55721.122134,5583.9352358
1507962600,5581.04,5587.4,5580.02,5581.99,4.75210971,26530.240017,5582.8340749
1507962660,5583.5,5588.04,5581.33,5588.04,6.19210885,34588.350806,5585.8757726
1507962720,5588.03,5588.03,5587.16,5587.31,0.43162546,2411.6998676,5587.4828784
1507962780,5587.31,5587.31,5582.99,5586.03,2.58196179,14422.695808,5585.9447122
1507962840,5585.92,5586,5582.85,5585.84,0.95618977,5339.7219835,5584.3747246
1507962900,5585.84,5585.84,5582.87,5582.87,6.33212547,35353.931301,5583.2644929
1507962960,5582.87,5582.87,5567.86,5567.87,21.05561832,117419.75545,5576.6472236
1507963020,5567.87,5567.87,5567.86,5567.87,0.99827723,5558.2776615,5567.8698206
1507963080,5567.87,5573.72,5567.86,5573,8.71015556,48519.571243,5570.4597821
1507963140,5573.72,5573.72,5573,5573.01,0.4602515,2564.9927283,5573.0241582
1507963200,5573.01,5573.01,5569.09,5569.09,7.38093991,41132.309652,5572.7739493
1507963260,5569.09,5569.09,5568.59,5568.6,2.66905308,14862.973009,5568.6314824
1507963320,5568.6,5574.88,5568.6,5574.88,6.12278286,34110.119485,5571.0157072
1507963380,5574.88,5575,5574.88,5575,1.13518333,6328.5796916,5574.94065
1507963440,5575,5579.81,5575,5579.81,4.77197753,26606.598967,5575.5918379
1507963500,5579.81,5580.73,5579.81,5580.73,2.90069581,16186.100324,5580.0750525
1507963560,5580.72,5580.73,5579.8,5579.8,4.66545896,26035.585432,5580.4982221
1507963620,5580.71,5580.71,5576.13,5576.13,4.94341023,27579.680985,5579.0799675
1507963680,5576.14,5576.14,5575.63,5575.63,0.74113417,4132.4938213,5575.9051311
1507963740,5575.64,5576.53,5575.64,5576.53,1.87415036,10450.64461,5576.2039338
1507963800,5576.53,5577,5576.52,5576.64,3.74450436,20881.760954,5576.6421792
1507963860,5576.64,5578.28,5576.64,5578.26,0.84345414,4704.2638444,5577.3795175
1507963920,5578.26,5579.27,5578.26,5579.26,19.7540695,110212.22413,5579.2161775
1507963980,5579.26,5581.06,5579.26,5581.06,7.52245727,41975.746448,5580.057811
1507964040,5581.06,5584.23,5581.06,5584.23,10.98409515,61312.084889,5581.8967381
1507964100,5584.23,5584.23,5584.23,5584.23,0.40715764,2273.661908,5584.23
1507964160,5584.23,5585.74,5584.23,5585.74,4.43780842,24784.292931,5584.804612
1507964220,5585.74,5585.74,5585.73,5585.74,0.65524646,3660.0331285,5585.735066
1507964280,5585.74,5585.74,5585.73,5585.74,2.27690195,12718.178454,5585.7383117
1507964340,5585.74,5588.2,5585.74,5588.2,1.30886095,7311.1744468,5585.9061627
1507964400,5588.2,5589.32,5588.2,5589.32,1.81112015,10122.749618,5589.2203606
1507964460,5589.32,5589.59,5589.31,5589.59,1.24562818,6962.2906016,5589.3810957
1507964520,5589.59,5591.49,5589.58,5591.49,2.75981188,15428.395549,5590.3794244
1507964580,5591.49,5591.49,5591.48,5591.48,23.55369076,131699.99522,5591.4801872
1507964640,5591.48,5591.48,5591.47,5591.48,6.16229799,34456.313218,5591.4714403
1507964700,5591.48,5594.52,5591.48,5594.52,6.15196227,34410.361069,5593.3959863
1507964760,5594.52,5594.93,5594.52,5594.93,2.03093002,11362.098835,5594.5299557
1507964820,5594.93,5595,5594.93,5595,0.81647411,4568.1590991,5594.9834087
1507964880,5595,5595.81,5595,5595.81,0.52605137,2943.3464721,5595.1692933
1507964940,5595.81,5596.33,5595.8,5596.33,0.08642543,483.61997137,5595.8063659
1507965000,5596.33,5599.97,5596.33,5599.97,3.10587351,17391.10061,5599.4233359
1507965060,5599.97,5599.97,5599.97,5599.97,1.4148575,7923.1595543,5599.97
1507965120,5599.97,5599.97,5599.96,5599.97,0.81632117,4571.3710354,5599.9662919
1507965180,5599.97,5600,5599.97,5600,1.93111003,10814.191538,5599.9872459
1507965240,5600,5600,5600,5600,2.86607094,16049.997264,5600
1507965300,5600,5600,5599.99,5600,3.38552669,18958.938759,5599.9968379
1507965360,5600,5610,5600,5610,2.44590142,13710.311439,5605.4227398
1507965420,5609.99,5609.99,5603.59,5605.4,8.11585608,45518.914822,5608.6399726
1507965480,5605.4,5610,5605.4,5606.05,12.84285029,71998.108729,5606.0848723
1507965540,5606.06,5609.98,5606.05,5609.98,1.01017347,5665.2429701,5608.1882353
1507965600,5609.98,5609.99,5609.98,5609.99,3.19316702,17913.619591,5609.9851585
1507965660,5609.99,5611.9,5609.99,5611.9,4.71564434,26460.891133,5611.2991619
1507965720,5611.9,5612.2,5611.9,5612.2,2.89085231,16224.017707,5612.1918268
1507965780,5612.2,5613.27,5612.2,5613.27,0.92562419,5195.2935176,5612.7460515
1507965840,5613.27,5613.27,5613.26,5613.26,1.32344529,7428.847538,5613.2638003
1507965900,5613.27,5613.27,5613.26,5613.27,2.04130987,11458.420825,5613.2687121
1507965960,5613.27,5613.3,5613.26,5613.3,5.68606284,31917.382095,5613.2658033
1507966020,5613.3,5613.3,5613.29,5613.3,0.49303855,2767.5698597,5613.2930371
1507966080,5613.3,5613.3,5613.3,5613.3,2.46507614,13837.211897,5613.3
1507966140,5613.3,5613.3,5613.29,5613.3,0.89407485,5018.7103542,5613.2999985
1507966200,5613.3,5613.3,5613.29,5613.3,7.82880841,43945.431142,5613.2975595
1507966260,5613.29,5614,5612.69,5613.92,10.79237796,60580.787258,5613.2937044
1507966320,5612.75,5614,5612.75,5613.45,0.16210465,909.95284083,5613.366679
1507966380,5613.46,5613.57,5612.69,5613.46,1.44164954,8091.8820026,5612.9328093
1507966440,5613.46,5613.46,5613.45,5613.46,0.291473,1636.1716997,5613.4588786
1507966500,5613.46,5613.46,5613.02,5613.03,1.34454011,7547.481604,5613.4298619
1507966560,5613.03,5613.03,5613,5613,2.07161664,11628.02519,5613.0197865
1507966620,5613.01,5613.01,5604.56,5610.21,6.72322789,37706.337689,5608.3682281
1507966680,5610.21,5610.21,5601.4,5602,5.58223108,31275.708306,5602.7254798
1507966740,5601.42,5601.57,5601.41,5601.41,6.73165324,37706.98278,5601.4446134
1507966800,5601.42,5601.42,5601.41,5601.42,0.41185158,2306.9510681,5601.4136649
1507966860,5601.42,5601.42,5600,5600.01,3.39802383,19032.816401,5601.1427092
1507966920,5600.01,5600.01,5600,5600.01,3.89904708,21834.688825,5600.0064571
1507966980,5600.01,5602.2,5600.01,5602.16,8.29586474,46470.215315,5601.6119804
1507967040,5602.18,5602.38,5602.11,5602.11,9.27430495,51956.319423,5602.1793226
1507967100,5602.12,5602.12,5602,5602,1.38603056,7764.5478508,5602.0033575
1507967160,5602.01,5602.47,5602,5602,2.38652765,13369.611237,5602.1187255
1507967220,5602.17,5602.17,5602,5602.16,4.62097173,25886.736018,5602.0113366
1507967280,5602.01,5602.16,5602,5602.16,3.60859379,20215.864413,5602.1446551
1507967340,5602.16,5602.16,5601.94,5601.94,2.21024426,12381.865335,5602.0348333
1507967400,5602.15,5602.15,5600.73,5601.06,3.26373602,18280.859543,5601.2065409
1507967460,5601.08,5601.48,5601.02,5601.11,2.94318462,16485.169057,5601.133189
1507967520,5601.11,5601.48,5601.11,5601.48,0.75983494,4256.173439,5601.4447545
1507967580,5601.48,5601.65,5601,5601.2,1.50107987,8408.1416144,5601.3952239
1507967640,5601.06,5601.06,5601,5601.01,2.50436647,14026.983048,5601.0105613
1507967700,5601.01,5601.01,5601,5601.01,0.97489358,5460.3841001,5601.0052914
1507967760,5601.01,5601.01,5600.85,5600.85,0.48061388,2691.9040089,5600.9701779
1507967820,5600.85,5600.85,5600,5600.01,4.69195094,26275.430652,5600.1077138
1507967880,5600,5600.01,5600,5600.01,1.13712918,6367.9278623,5600.0039171
1507967940,5600.01,5600.58,5600.01,5600.01,0.31332542,1754.6311867,5600.0281965
1507968000,5600.01,5600.01,5600,5600.01,1.24662523,6981.1043233,5600.0024348
1507968060,5600.01,5600.01,5599.99,5600,0.444501,2489.2048914,5599.9984059
1507968120,5600,5600,5583.13,5583.14,15.01639862,83951.547495,5590.6578947
1507968180,5583.14,5583.14,5583.14,5583.14,3.0003988,16751.646556,5583.14
1507968240,5583.14,5583.86,5581.74,5582.75,23.65536599,132070.90262,5583.1265801
1507968300,5582.76,5582.76,5581.73,5581.74,2.00789673,11209.525766,5582.7202656
1507968360,5581.74,5581.74,5580,5580.01,10.59904467,59157.404975,5581.3902873
1507968420,5580.01,5580.01,5580.01,5580.01,1.03612547,5781.5904839,5580.01
1507968480,5580.01,5580.13,5580,5580.13,3.91826295,21864.131699,5580.05728
1507968540,5580.13,5580.15,5580.12,5580.15,0.906524,5058.5325035,5580.1418424
1507968600,5580.15,5580.88,5580.15,5580.88,1.45096294,8097.3760584,5580.6911639
1507968660,5580.88,5580.88,5580.87,5580.88,0.18483995,1031.5688682,5580.876148
1507968720,5580.88,5581,5580.88,5581,3.25731527,18178.885591,5580.941384
1507968780,5581,5581,5580.99,5581,1.63939415,9149.4475041,5580.9931395
1507968840,5581,5581,5580.99,5581,0.47628408,2658.1403169,5580.9976199
1507968900,5581,5581,5580.99,5581,1.72574594,9631.3760817,5580.993041
1507968960,5581,5592.16,5580.99,5592.16,1.29422525,7228.4381275,5585.1468881
1507969020,5592.16,5592.16,5592.16,5592.16,0.55352544,3095.4028246,5592.16
1507969080,5592.16,5592.16,5589.02,5589.02,0.96522988,5396.4622822,5590.8570529
1507969140,5589.02,5589.02,5589.01,5589.02,0.26377278,1474.2311354,5589.0192134
1507969200,5589.02,5589.02,5585.43,5585.43,1.46057909,8160.3068126,5587.0352167
1507969260,5585.44,5597.02,5585.44,5596.84,3.20150405,17910.397128,5594.3696612
1507969320,5592.65,5597.02,5592.65,5597.02,1.10930566,6208.5489333,5596.7882948
1507969380,5597.02,5598.99,5597.01,5598.99,2.01608438,11284.329011,5597.1511525
1507969440,5598.99,5602.65,5598.99,5602.65,10.38330032,58153.296712,5600.6563347
1507969500,5602.65,5602.92,5602.64,5602.92,3.91205563,21918.118231,5602.7112864
1507969560,5602.92,5612.33,5602.92,5612.33,10.15757069,56995.119347,5611.0974845
1507969620,5612.33,5612.33,5612.32,5612.33,0.57899098,3249.4866035,5612.3268163
1507969680,5612.33,5612.33,5612.32,5612.33,0.43432525,2437.5724923,5612.3204726
1507969740,5612.33,5612.33,5612.33,5612.33,0.16885732,947.68300276,5612.33
1507969800,5612.33,5620.63,5612.32,5620.63,17.39459115,97698.464182,5616.6002029
1507969860,5620.63,5630,5620.63,5626.32,10.39668873,58480.276962,5624.8944717
1507969920,5625.87,5625.87,5622.92,5625.05,0.46927522,2639.5963644,5624.836454
1507969980,5625.81,5625.83,5625.78,5625.83,0.66000522,3713.0713147,5625.8211333
1507970040,5625.83,5625.83,5625.83,5625.83,3.90742529,21982.510419,5625.83
1507970100,5625.83,5627.33,5625.82,5627.32,2.79733164,15740.708732,5627.0441826
1507970160,5627.33,5628,5627.32,5627.99,0.28733182,1617.0197779,5627.7086816
1507970220,5628,5630.99,5628,5630.98,10.36212919,58339.482868,5630.0671221
1507970280,5630.99,5631,5630.99,5630.99,7.97718553,44919.497398,5630.9956976
1507970340,5631,5631.22,5630.99,5631.21,2.68281609,15107.123136,5631.0692308
1507970400,5631.22,5631.22,5631.09,5631.1,3.64759839,20540.257047,5631.1728571
1507970460,5631.1,5631.1,5630.91,5630.92,4.73053666,26637.272835,5630.9198616
1507970520,5630.92,5630.92,5630.55,5630.56,0.06166329,347.20814599,5630.7106869
1507970580,5630.56,5630.56,5630.47,5630.47,1.42619236,8030.1380576,5630.4733378
1507970640,5630.34,5630.34,5627.64,5627.65,0.91457864,5147.6974309,5628.4907669
1507970700,5627.64,5627.64,5627.63,5627.64,1.20347864,6772.7352732,5627.6323053
1507970760,5627.64,5627.64,5627,5627.01,0.44352529,2495.727594,5627.0243214
1507970820,5627.01,5627.01,5627.01,5627.01,0.38832529,2185.1102901,5627.01
1507970880,5627.01,5627.01,5627.01,5627.01,0.24242529,1364.1295311,5627.01
1507970940,5627.01,5627.01,5627,5627.01,10.10917136,56884.407082,5627.0098761
1507971000,5627.01,5627.01,5627,5627.01,5.37243101,30230.72241,5627.009887
1507971060,5627.01,5627.01,5624.71,5624.71,12.10644171,68117.891872,5626.5824016
1507971120,5624.71,5624.71,5622.9,5622.91,4.96266145,27911.146333,5624.2293807
1507971180,5622.9,5622.9,5615.12,5616.16,4.80317899,26979.290614,5616.9654869
1507971240,5616.16,5621.3,5616.15,5621.28,4.48395372,25199.446803,5619.9167913
1507971300,5621.27,5621.28,5616.15,5616.78,4.21629719,23693.810597,5619.5779208
1507971360,5620.27,5620.27,5616.15,5619.1,0.75711568,4252.9065629,5617.2480313
1507971420,5619.09,5619.2,5612.66,5619.03,2.36891929,13306.834184,5617.2594144
1507971480,5618.63,5618.63,5616.3,5618.21,1.81515116,10194.64936,5616.4189431
1507971540,5618.21,5618.21,5610.78,5611.3,11.55051195,64833.796833,5613.0669458
1507971600,5611.31,5611.31,5610.78,5610.97,1.87141168,10500.523306,5611.0172971
1507971660,5610.98,5619.2,5610.98,5619.19,4.37784781,24588.197489,5616.5034867
1507971720,5619.19,5621.2,5618.74,5620.47,36.66664388,206105.44202,5621.0610027
1507971780,5620.47,5622.02,5614.4,5614.4,21.62901596,121579.69549,5621.1385537
1507971840,5614.4,5614.4,5614.39,5614.4,2.27358917,12764.825071,5614.3938577
1507971900,5614.4,5614.4,5614.39,5614.4,0.96462533,5415.7834528,5614.39067
1507971960,5614.4,5614.4,5614.39,5614.39,2.64030015,14823.678864,5614.3915546
1507972020,5614.4,5614.4,5614.39,5614.39,2.80890385,15770.294701,5614.3946334
1507972080,5612.36,5612.36,5602.72,5602.73,1.45616316,8163.1566334,5605.9354183
1507972140,5602.73,5602.73,5602.72,5602.73,0.25229612,1413.5460404,5602.7260364
1507972200,5602.73,5602.73,5600,5600,2.98834559,16739.20999,5601.4973789
1507972260,5601.88,5601.88,5594.46,5594.48,4.57220356,25597.977931,5598.6085474
1507972320,5594.48,5594.48,5594.48,5594.48,3.51169112,19646.085737,5594.48
1507972380,5598.66,5600,5598.66,5600,2.42069187,13555.149088,5599.7003403
1507972440,5600,5608.36,5600,5608.36,3.66361815,20536.675396,5605.5720208
1507972500,5608.36,5608.36,5606.86,5606.87,2.81118685,15764.675059,5607.836085
1507972560,5606.87,5606.87,5606.86,5606.87,5.39880214,30270.365991,5606.8670801
1507972620,5606.87,5606.87,5606.86,5606.87,1.68969242,9473.8840885,5606.8690233
1507972680,5606.87,5606.87,5606.86,5606.87,7.38730889,41419.640153,5606.8645253
1507972740,5606.87,5608.9,5606.86,5608.9,6.43378373,36079.395704,5607.8036219
1507972800,5608.9,5608.94,5608.89,5608.9,5.75341751,32270.358714,5608.9026492
1507972860,5608.9,5608.9,5608.89,5608.9,1.34237217,7529.2211289,5608.8924497
1507972920,5608.89,5608.9,5604.54,5604.54,6.63033796,37186.317763,5608.5101525
1507972980,5604.54,5604.54,5604.53,5604.53,1.8251475,10229.094619,5604.5303842
1507973040,5604.54,5604.54,5601.77,5601.78,7.59160976,42535.821189,5603.0041762
1507973100,5601.77,5601.78,5600.02,5600.02,0.49551202,2775.5188891,5601.3149571
1507973160,5600.02,5600.02,5591.02,5591.02,2.60488534,14584.840169,5599.0334566
1507973220,5591.02,5591.02,5584.01,5584.01,0.84472934,4718.1989223,5585.4564283
1507973280,5584.01,5584.01,5584,5584.01,0.54212546,3027.2285689,5584.0000005
1507973340,5584.01,5584.01,5584,5584.01,0.19414168,1084.0874975,5584.0018359
1507973400,5584.01,5584.01,5584.01,5584.01,6.92682118,38679.438737,5584.01
1507973460,5584.01,5584.01,5584,5584.01,1.08064482,6034.3298223,5584.0084648
1507973520,5584.01,5584.01,5584,5584.01,6.47223377,36141.007423,5584.0083513
1507973580,5584.01,5584.01,5584,5584.01,3.71523078,20745.884916,5584.0097544
1507973640,5584.01,5584.01,5584,5584,2.81676477,15728.818182,5584.0013158
1507973700,5584.01,5589.08,5584.01,5589.08,5.76898405,32241.294962,5588.7301268
1507973760,5589.08,5607.85,5589.08,5607.85,15.73667312,88152.212262,5601.7057474
1507973820,5608.41,5609.12,5608.4,5608.51,4.91125173,27544.385031,5608.4246024
1507973880,5608.51,5608.51,5608.49,5608.49,11.80750066,66222.368394,5608.5000798
1507973940,5607,5607,5605.7,5605.7,1.14840555,6437.8917038,5605.9392118
1507974000,5605.71,5605.71,5591.93,5591.94,1.88063323,10535.369437,5602.0330115
1507974060,5591.93,5597.87,5591.55,5597.84,1.21163377,6777.1255562,5593.3779035
1507974120,5597.83,5597.83,5589.33,5596.78,1.89142543,10576.169525,5591.6397004
1507974180,5596.78,5596.78,5589.42,5596.75,1.61553995,9035.1797682,5592.6687348
1507974240,5596.71,5596.71,5596.69,5596.69,3.4311119,19202.891554,5596.6963811
1507974300,5596.7,5596.7,5596.69,5596.7,0.60608786,3392.0878887,5596.6933387
1507974360,5596.7,5596.7,5596.21,5596.22,1.38574747,7754.9826511,5596.2452171
1507974420,5596.22,5596.22,5589,5594.27,5.26662544,29464.25719,5594.5230065
1507974480,5594.28,5594.28,5594.26,5594.27,0.17022543,952.2869743,5594.2697534
1507974540,5594.27,5602.42,5594.26,5602.4,1.08696191,6082.7159152,5596.0709012
1507974600,5602.38,5602.39,5597.4,5598.39,2.02827343,11354.096151,5597.911989
1507974660,5597.41,5599.13,5597.41,5599.12,0.62147366,3478.9046216,5597.831164
1507974720,5597.44,5597.44,5597.43,5597.44,0.46572543,2606.8678039,5597.4349606
1507974780,5597.44,5597.44,5597.43,5597.44,0.80372409,4498.7902073,5597.4310878
1507974840,5597.44,5597.44,5597.44,5597.44,0.15872543,888.4560709,5597.44
1507974900,5597.44,5601.9,5597.44,5600.02,4.69814655,26307.091367,5599.461636
1507974960,5601.8,5603.25,5600,5600.88,1.74378355,9766.195584,5600.5778836
1507975020,5603.17,5604.46,5603.16,5604.45,2.96241433,16599.383773,5603.329556
1507975080,5604.46,5608,5604.46,5608,10.53592461,59076.473081,5607.1465266
1507975140,5608,5608,5607.33,5607.34,3.16545597,17751.816285,5607.9807944
1507975200,5607.04,5607.04,5603.73,5603.74,0.60976355,3417.5527955,5604.7180837
1507975260,5603.74,5603.74,5603.73,5603.74,0.12022542,673.71079307,5603.7300021
1507975320,5603.74,5604.19,5603.74,5604.19,1.13546153,6362.8538169,5603.7599239
1507975380,5604.19,5607.95,5604.18,5607.95,2.50068053,14016.890498,5605.2303881
1507975440,5607.94,5607.99,5607.76,5607.95,0.49892534,2797.9545249,5607.9623555
1507975500,5607.96,5607.96,5600.62,5606.33,4.01232534,22491.553269,5605.615538
1507975560,5606.29,5606.29,5603.81,5603.81,1.5988254,8959.6222783,5603.8778708
1507975620,5603.81,5603.81,5600,5600.02,5.52605851,30961.155474,5602.7556381
1507975680,5600.02,5606.61,5600.01,5600.13,4.19564962,23509.888579,5603.3965437
1507975740,5606.24,5606.24,5600.01,5600.19,0.8966868,5021.9137713,5600.5215771
1507975800,5600.19,5605.12,5600.01,5600.02,0.49309028,2761.4805935,5600.3549564
1507975860,5600.02,5602.52,5600,5602.52,1.57707722,8831.7147963,5600.0522259
1507975920,5602.52,5602.53,5596.3,5602.51,1.6826828,9423.1493337,5600.0746746
1507975980,5602.39,5602.39,5591.09,5593.44,2.96042366,16560.145208,5593.8430136
1507976040,5593.44,5593.46,5589.02,5589.02,4.40321273,24616.186665,5590.5058815
1507976100,5589.01,5589.01,5585,5585.02,3.11362039,17397.269486,5587.4728795
1507976160,5585.02,5596.04,5585.02,5596.04,10.3665766,57962.874117,5591.3226086
1507976220,5596.04,5598.63,5596.04,5597.58,0.70532543,3947.8469873,5597.1992777
1507976280,5597.3,5597.3,5592.22,5594.67,0.39889761,2231.1927865,5593.3972293
1507976340,5594.71,5600.93,5590.5,5596.84,4.91188374,27487.403162,5596.1021508
1507976400,5600.3,5600.3,5593.61,5596.43,0.41060353,2297.9101455,5596.4208234
1507976460,5598.42,5598.42,5595.88,5595.88,1.76089203,9854.6682541,5596.40687
1507976520,5595.86,5595.86,5595.44,5595.44,0.10992543,615.08534877,5595.4782144
1507976580,5595.43,5595.44,5593.01,5593.02,0.57622721,3223.3923274,5593.9606312
1507976640,5593.02,5593.02,5592,5592.01,2.4791703,13864.562416,5592.4203417
1507976700,5592.01,5592.01,5592,5592.01,1.07187881,5993.9566743,5592.0096735
1507976760,5592.01,5592.01,5592,5592.01,0.6262993,3502.2679706,5592.0036484
1507976820,5592.01,5592.01,5592,5592.01,0.17922544,1002.2295567,5592.0050007
1507976880,5592.01,5592.01,5592,5592,1.17708449,6582.2669327,5592.0088903
1507976940,5592.01,5595.82,5592,5595.82,0.15020389,839.94017538,5592.0001498
1507977000,5595.82,5603.89,5595.82,5603.7,9.23002847,51688.640856,5600.0521585
1507977060,5603.7,5603.7,5597.12,5603.66,0.86052361,4821.8217981,5603.3579347
1507977120,5603.66,5608.81,5603.66,5608.81,16.40252521,91973.896283,5607.3010165
1507977180,5608.81,5610,5608.81,5609.98,3.86099046,21657.434648,5609.2950428
1507977240,5610,5614.83,5609.99,5614.11,5.67898831,31877.626559,5613.2579993
1507977300,5613.89,5614.94,5613.3,5614.02,1.71099715,9605.5924683,5614.0318342
1507977360,5614.02,5614.02,5613.3,5614,5.82352665,32689.337119,5613.3231775
1507977420,5613.99,5614.95,5608.77,5608.77,7.24785876,40683.655606,5613.1965251
1507977480,5608.77,5608.77,5607.6,5607.6,4.26530439,23922.580031,5608.6454433
1507977540,5606.47,5606.47,5606.46,5606.46,2.85486897,16005.724929,5606.4656897
1507977600,5605.97,5607.69,5605.85,5605.94,2.70491556,15164.375822,5606.2289139
1507977660,5605.94,5605.94,5604.59,5604.59,1.28005329,7175.1402371,5605.3449439
1507977720,5604.59,5604.59,5600.02,5600.02,3.80048082,21296.594442,5603.6579189
1507977780,5600.02,5603.45,5600.01,5603.45,1.49911653,8397.618595,5601.7116928
1507977840,5603.45,5607.67,5603.45,5607.67,3.21940366,18046.690689,5605.600476
1507977900,5607.67,5607.96,5607.67,5607.96,2.2492026,12613.077849,5607.7997818
1507977960,5607.96,5609.85,5607.96,5609.85,7.7699116,43581.61616,5609.0234232
1507978020,5609.85,5610.43,5609.84,5610.43,3.69267916,20716.020253,5610.0244174
1507978080,5610.43,5610.43,5610.43,5610.43,1.99634966,11200.380023,5610.43
1507978140,5610.43,5613.54,5610.43,5613.54,7.72899728,43380.36747,5612.6772851
1507978200,5614.22,5614.91,5614.22,5614.91,0.58503782,3284.7635164,5614.6173873
1507978260,5614.91,5617.38,5614.91,5617.38,2.57686814,14474.06405,5616.9207207
1507978320,5619.21,5627.9,5619.21,5627.9,9.79321506,55070.590952,5623.3413251
1507978380,5627.9,5630,5627.9,5629.99,7.92958973,44636.341224,5629.0858347
1507978440,5630,5640.3,5630,5640.3,17.82248469,100492.09833,5638.5010325
1507978500,5640.3,5645.13,5640.29,5645.12,7.3854248,41687.803737,5644.604727
1507978560,5645.13,5667.02,5645.13,5667.02,44.31240083,250460.634,5652.156717
1507978620,5667.02,5668,5667.02,5667.99,12.3592319,70041.942041,5667.1759708
1507978680,5668,5670,5668,5670,37.2584367,211229.24998,5669.2998602
1507978740,5670,5675.45,5670,5675.45,15.80212289,89657.737327,5673.7780076
1507978800,5675.45,5696,5675.45,5696,91.51633342,520298.91068,5685.3120229
1507978860,5696,5696,5695.99,5696,12.31692988,70157.211531,5695.9982897
1507978920,5696,5699,5696,5699,14.43314625,82221.02971,5696.680979
1507978980,5699,5700,5699,5700,44.95690787,256253.05422,5699.9706244
1507979040,5700,5700,5699.99,5700,8.21196097,46808.16641,5699.998646
1507979100,5700,5700,5699.99,5699.99,13.07287692,74515.3766,5699.998329
1507979160,5700,5700,5699.99,5700,3.45314171,19682.900191,5699.9978118
1507979220,5700,5700,5700,5700,15.08110748,85962.312636,5700
1507979280,5699.99,5700,5699.99,5700,12.56578557,71624.977346,5699.9999679
1507979340,5700,5700,5699.99,5700,7.45977637,42520.723118,5699.9997063
1507979400,5700,5705,5700,5705,35.92870215,204840.876,5701.3157654
1507979460,5705,5708.67,5705,5707.18,12.93836809,73837.529013,5706.8656959
1507979520,5707.18,5707.18,5704.99,5705,6.202463,35389.639177,5705.7396678
1507979580,5705,5705,5704.51,5704.51,1.39511736,7958.7625297,5704.7261814
1507979640,5704.52,5704.52,5704.13,5704.13,3.93576033,22451.588933,5704.5112126
1507979700,5704.14,5704.14,5700,5701.4,11.53674634,65772.876413,5701.1634368
1507979760,5701.4,5701.4,5678.03,5693.86,8.90263562,50673.697875,5691.9883098
1507979820,5693.87,5693.87,5691.03,5691.4,8.64223288,49195.297702,5692.429073
1507979880,5690.5,5691.23,5685.04,5687.81,7.35548238,41833.783289,5687.4289309
1507979940,5687.81,5688,5687.8,5687.8,12.46238323,70884.250582,5687.8567505
1507980000,5687.77,5689.8,5686.9,5686.9,10.37660752,59020.401331,5687.832099
1507980060,5687.92,5687.94,5684.64,5687.82,19.06142477,108413.13112,5687.5670327
1507980120,5687.83,5702,5687.82,5702,9.25546742,52730.591566,5697.2370139
1507980180,5702,5708.67,5702,5705.78,14.47027913,82603.71364,5708.508654
1507980240,5705.61,5705.61,5694.04,5696.88,6.02885158,34338.469423,5695.6899614
1507980300,5696.89,5708,5696.88,5704.39,14.50347765,82720.997414,5703.5284509
1507980360,5700.87,5706.81,5698.63,5704.81,15.64633894,89216.451529,5702.0656315
1507980420,5705.19,5707.45,5700.94,5704.64,14.11323763,80512.270005,5704.7342443
1507980480,5704.69,5706.38,5704.67,5706.38,12.57241266,71727.888579,5705.1809004
1507980540,5706.38,5706.38,5705.41,5706.38,3.65531222,20858.593597,5706.3780991
1507980600,5706.38,5709.62,5706.37,5708.98,13.39445719,76445.87134,5707.276544
1507980660,5708.98,5709.62,5708.97,5709.61,11.88111354,67835.23611,5709.5015447
1507980720,5708.97,5709.69,5708.07,5708.08,16.28775803,92994.260384,5709.4573859
1507980780,5708.08,5709.67,5708,5708.14,7.07648518,40399.328054,5708.9539548
1507980840,5708.15,5708.15,5708,5708.01,5.12755745,29268.145841,5708.0093448
1507980900,5708.01,5708.96,5706.36,5707.11,15.63390545,89231.65029,5707.5725944
1507980960,5707.99,5707.99,5702.38,5702.39,10.79090895,61582.260811,5706.8650191
1507981020,5702.39,5702.39,5700.99,5701,6.25488435,35659.150611,5701.0087822
1507981080,5701,5701,5700.99,5701,9.43551008,53791.825754,5700.9981758
1507981140,5701,5709.34,5701,5707.49,13.32885936,76046.792697,5705.4238959
1507981200,5705.14,5708,5704.86,5706,10.41535952,59440.115763,5706.9672582
1507981260,5706.02,5707.99,5706,5707.99,5.9715867,34084.358333,5707.7557515
1507981320,5707.99,5708,5707.98,5708,9.30035493,53086.360571,5707.9929713
1507981380,5708,5708,5707.98,5707.99,5.38827337,30756.226816,5707.9930255
1507981440,5708,5708,5707.99,5708,4.38762941,25044.570089,5707.9957646
1507981500,5708,5710,5707.99,5710,13.88751687,79280.599611,5708.7671146
1507981560,5710,5710,5707.99,5709.98,13.1619833,75153.756751,5709.9112678
1507981620,5709.98,5710,5709.98,5710,14.123402,80644.619101,5709.9995526
1507981680,5710,5715,5710,5714.95,19.82180891,113245.8621,5713.1951283
1507981740,5714.95,5715,5714.95,5715,9.10773094,52050.575422,5714.9882627
1507981800,5715,5715,5714.99,5715,6.52514254,37291.152421,5714.9942998
1507981860,5715,5715.7,5714.99,5715,11.36058058,64925.935103,5715.0191089
1507981920,5715.01,5715.01,5714.99,5714.99,1.82962289,10456.290517,5714.9976501
1507981980,5715,5715,5701,5704.03,7.90854927,45133.12532,5706.8779341
1507982040,5704.03,5704.03,5704,5704.01,2.18953471,12489.131076,5704.0114593
1507982100,5704,5704.01,5704,5704.01,4.00547935,22847.294265,5704.0099995
1507982160,5704.01,5704.01,5701,5701,5.35542912,30547.007458,5703.9327333
1507982220,5701.01,5701.01,5689.47,5697.76,13.30958116,75868.896334,5700.3218525
1507982280,5689.46,5689.46,5680.06,5685,5.02848783,28585.191324,5684.6495984
1507982340,5685.01,5685.01,5679.01,5679.96,4.10077254,23293.918078,5680.3731129
1507982400,5679.91,5690,5678.68,5690,11.9269076,67785.476218,5683.4075094
1507982460,5689.99,5701,5689.99,5701,11.48741507,65470.719954,5699.343112
1507982520,5701,5701,5696.72,5700.93,3.67080757,20925.72696,5700.5785678
1507982580,5700.91,5700.92,5697.01,5697.01,4.10947624,23415.696959,5697.9759928
1507982640,5699.75,5699.75,5685.27,5685.27,1.86691915,10620.295491,5688.6745692
1507982700,5685.45,5700,5685.45,5696.11,16.48193011,93893.39895,5696.7477912
1507982760,5695.44,5698.97,5686.19,5692.83,2.48691642,14156.440555,5692.3668368
1507982820,5692.97,5692.97,5690,5690.01,2.12535279,12093.683393,5690.2004455
1507982880,5690.01,5691.7,5688.01,5691.7,0.56416449,3209.6257168,5689.1664996
1507982940,5691.7,5698.35,5690.01,5698.35,8.14438738,46354.444895,5691.5815435
1507983000,5698.3,5698.3,5689.79,5689.79,2.48982622,14170.036457,5691.1748873
1507983060,5692.55,5692.55,5688.88,5688.88,3.190102,18156.786406,5691.6005838
1507983120,5692.76,5699.79,5688.88,5688.89,10.79712269,61466.4433,5692.8540191
1507983180,5688.89,5690.27,5685.86,5685.86,5.0086865,28493.303473,5688.7775813
1507983240,5685.83,5688.89,5685.83,5688.88,1.28345646,7301.0701503,5688.5997911
1507983300,5686.96,5688.88,5685.25,5685.26,0.81549308,4638.6405255,5688.142106
1507983360,5685.26,5689.87,5685.2,5689.87,14.27556248,81176.535262,5686.3983732
1507983420,5687.63,5695.43,5687.63,5695.42,7.23125632,41165.842805,5692.764989
1507983480,5695.43,5700,5694.5,5697.35,15.71500064,89534.27453,5697.3764482
1507983540,5697.39,5701,5691.54,5701,9.59769796,54691.444279,5698.3918964
1507983600,5701,5701,5695.01,5698.43,4.12779651,23529.295647,5700.207263
1507983660,5695.02,5700.96,5695.02,5700.96,1.44860014,8257.3201133,5700.2066238
1507983720,5700.37,5700.37,5697.48,5697.48,2.18605752,12455.359929,5697.6359566
1507983780,5700.15,5700.15,5692.15,5699.44,1.86051844,10601.366829,5698.0713553
1507983840,5692.52,5699.2,5690.14,5690.95,1.30312935,7417.2839842,5691.9015631
1507983900,5690.95,5696,5690.28,5696,0.8291792,4722.5845558,5695.4932731
1507983960,5695.79,5699.56,5695.79,5699.51,0.82462499,4698.8668836,5698.1863763
1507984020,5699.49,5699.51,5699.46,5699.51,8.33576249,47509.736855,5699.5070232
1507984080,5699.51,5699.51,5699.5,5699.51,4.44983723,25361.870468,5699.5052081
1507984140,5699.51,5700.25,5699.5,5700.25,5.45560661,31095.360566,5699.7072532
1507984200,5700.25,5704.01,5700.25,5704.01,9.38536941,53510.092117,5701.4369685
1507984260,5704.01,5704.01,5704,5704.01,5.95275453,33954.564136,5704.0087853
1507984320,5704.01,5704.01,5704.01,5704.01,0.57322491,3269.6806189,5704.01
1507984380,5704.01,5704.01,5704.01,5704.01,1.34625813,7679.0698361,5704.01
1507984440,5704.01,5704.01,5704,5704.01,1.09882986,6267.7276627,5704.0019487
1507984500,5704.01,5704.01,5704.01,5704.01,0.8498591,4847.604805,5704.01
1507984560,5704,5704.01,5704,5704,2.50166838,14269.529673,5704.0052898
1507984620,5704.01,5704.01,5704,5704.01,1.07384175,6125.2027372,5704.0087492
1507984680,5704.01,5704.01,5700.01,5700.01,3.5058103,19996.485,5703.8126108
1507984740,5700.01,5700.01,5689.48,5689.48,1.67069797,9514.057597,5694.6604161
1507984800,5689.49,5689.49,5685,5685.01,2.32844073,13238.238113,5685.4520462
1507984860,5685,5685.01,5661.05,5661.06,9.93112763,56327.238727,5671.7868127
1507984920,5661.06,5661.06,5655.32,5655.32,9.57489245,54169.256284,5657.4271269
1507984980,5655.33,5659.89,5655.32,5659.89,3.14364165,17781.726312,5656.4100785
1507985040,5659.89,5663.06,5659.89,5663.01,9.19953259,52097.109119,5663.0169641
1507985100,5663.01,5670.75,5663.01,5666.97,2.68842997,15235.788248,5667.1694699
1507985160,5666.96,5677.28,5666.96,5677.27,1.73559169,9846.6251361,5673.3534695
1507985220,5677.27,5677.27,5677.27,5677.27,0.27722504,1573.8814028,5677.27
1507985280,5677.27,5677.27,5677.26,5677.27,0.90033316,5111.4342172,5677.2697533
1507985340,5677.27,5677.27,5677.26,5677.26,7.46304801,42369.68267,5677.2625089
1507985400,5677.27,5677.27,5677.26,5677.26,5.47849874,31102.86431,5677.260466
1507985460,5677.27,5677.27,5677.25,5677.26,1.28315264,7284.7889363,5677.2582694
1507985520,5677.26,5679.52,5677.26,5679.52,0.91512504,5195.7212993,5677.6080559
1507985580,5679.52,5679.53,5679.51,5679.53,0.27332503,1552.3549407,5679.5198767
1507985640,5679.53,5679.53,5679.52,5679.52,1.46832503,8339.3834616,5679.5214215
1507985700,5679.53,5679.53,5679.53,5679.53,0.65466191,3718.1719577,5679.53
1507985760,5679.53,5685.54,5679.53,5685.52,5.70207704,32388.776284,5680.1716387
1507985820,5685.52,5685.52,5685.32,5685.52,5.20248997,29578.816899,5685.5115665
1507985880,5685.52,5685.52,5685.51,5685.52,2.44585029,13905.920307,5685.5157339
1507985940,5685.51,5685.52,5676.71,5676.71,7.82353107,44460.683287,5682.9432757
1507986000,5676.71,5676.71,5669.38,5669.38,0.83536797,4736.1961525,5669.5927095
1507986060,5669.38,5669.38,5669.37,5669.38,10.26507499,58196.508365,5669.3700164
1507986120,5669.38,5669.38,5669.37,5669.38,0.89550472,5076.9555775,5669.3789146
1507986180,5669.38,5671.18,5669.37,5671.17,2.50675778,14213.906181,5670.2351917
1507986240,5671.18,5673.18,5671.18,5673.18,1.00809123,5718.0582982,5672.1635186
1507986300,5673.18,5685,5673.18,5685,2.24600288,12761.527491,5681.88385
1507986360,5685,5685,5684.99,5685,0.99399599,5650.8633441,5684.9961176
1507986420,5685,5685,5680.17,5680.17,4.97630539,28288.364072,5684.6117461
1507986480,5681.27,5681.27,5680.63,5680.64,0.25685599,1459.1050325,5680.6346329
1507986540,5680.64,5681.84,5680.63,5680.67,1.75159756,9950.1937052,5680.6391676
1507986600,5680.67,5680.67,5680,5680,3.57555288,20311.075416,5680.5411913
1507986660,5680.01,5680.01,5675,5675,1.77032072,10051.006196,5677.5058226
1507986720,5675.94,5675.94,5675,5675,2.48592716,14107.700406,5675.0256535
1507986780,5675,5675.01,5675,5675,2.13600215,12121.815416,5675.0015052
1507986840,5675.01,5676.45,5673.97,5676.15,2.29748355,13038.408815,5675.0825552
1507986900,5676.65,5680.1,5676.64,5680.09,2.88623763,16387.904404,5677.9470386
1507986960,5680.1,5680.1,5678.73,5679.11,0.42708245,2425.3629495,5678.9103592
1507987020,5680.1,5680.1,5679.85,5680.1,0.78434128,4455.0948769,5680.0464167
1507987080,5680.1,5684.74,5680.09,5684.74,0.89677248,5094.8778689,5681.3494866
1507987140,5684.72,5684.73,5684.72,5684.73,4.50331217,25600.107665,5684.7286394
1507987200,5684.73,5684.73,5684.72,5684.73,4.0415472,22975.070149,5684.7214723
1507987260,5684.73,5684.73,5682.23,5682.23,2.54635311,14471.647453,5683.2838292
1507987320,5682.23,5682.23,5680.73,5680.73,1.24280234,7060.6161073,5681.2059972
1507987380,5680.73,5680.73,5680,5680.01,1.48137234,8414.7108709,5680.348312
1507987440,5680.01,5680.01,5678.55,5678.77,0.32872503,1867.100999,5679.8260815
1507987500,5678.64,5678.64,5677.55,5678.56,1.40091847,7954.9453407,5678.3785145
1507987560,5678.56,5678.56,5678.55,5678.56,0.40574066,2304.0205792,5678.5548169
1507987620,5678.56,5678.56,5678.55,5678.56,3.91693901,22242.55372,5678.5550308
1507987680,5678.56,5681,5678.55,5680.99,11.98014407,68031.676683,5678.7027172
1507987740,5681,5681,5680.99,5681,1.25650346,7138.1943419,5680.998556
1507987800,5681,5681,5678.5,5679.51,7.18322997,40798.996432,5679.7564052
1507987860,5679.5,5679.5,5678.51,5678.65,0.43260106,2456.5702407,5678.6043028
1507987920,5678.65,5678.65,5678.64,5678.65,3.03892393,17256.972722,5678.6458364
1507987980,5678.65,5680.99,5678.65,5680.99,5.76791839,32759.582604,5679.619646
1507988040,5680.99,5680.99,5680.98,5680.99,1.26653713,7195.1846002,5680.9898658
1507988100,5680.99,5680.99,5680.98,5680.99,0.61895665,3516.286379,5680.9897414
1507988160,5680.99,5684.99,5680.98,5684.99,7.11275715,40416.427061,5682.2447623
1507988220,5685,5685,5684.99,5685,5.55541474,31582.530872,5684.9996536
1507988280,5685,5685,5684.99,5685,12.29094364,69874.000485,5684.9988521
1507988340,5685,5689.99,5685,5689.99,18.06949924,102760.21348,5686.9430702
1507988400,5689.99,5699.99,5689.99,5699.99,34.46682827,196249.98452,5693.8800107
1507988460,5699.99,5699.99,5699.98,5699.99,11.26258046,64196.545654,5699.9855302
1507988520,5699.99,5707,5699.99,5706.99,14.14486059,80638.418728,5700.8987975
1507988580,5706.99,5707,5706.99,5706.99,4.40798837,25156.369008,5706.9953222
1507988640,5707,5707,5700.01,5700.01,12.6133773,71959.531669,5705.0169798
1507988700,5700.01,5700.01,5696.35,5696.36,4.2495199,24216.443368,5698.630419
1507988760,5696.36,5696.36,5677.54,5680.04,11.8362582,67247.913134,5681.5179255
1507988820,5680.04,5690.35,5680.04,5690.34,4.02486695,22897.950113,5689.1197641
1507988880,5690.34,5690.4,5687.83,5690.2,2.99385965,17035.414961,5690.1180926
1507988940,5690.12,5690.2,5689,5690.19,1.86309382,10601.051117,5690.0253777
1507989000,5690.1,5690.1,5689.98,5690.1,4.3000003,24467.189532,5690.0436802
1507989060,5690.15,5690.15,5690.15,5690.15,0.7190631,4091.5768985,5690.15
1507989120,5690.15,5690.15,5690.14,5690.15,4.59700272,26157.595324,5690.1413632
1507989180,5690.15,5690.15,5690.14,5690.15,2.43075864,13831.373745,5690.1469022
1507989240,5690.15,5690.38,5690.15,5690.36,1.8191276,10351.119767,5690.1559666
1507989300,5690.17,5690.26,5690.14,5690.15,1.3805908,7855.765452,5690.147618
1507989360,5690.15,5695,5690.15,5694.85,4.83929547,27548.710597,5692.7110088
1507989420,5694.76,5695,5694.58,5694.66,9.92368422,56513.966663,5694.8574148
1507989480,5694.66,5694.96,5694.61,5694.66,0.37982499,2163.0558278,5694.8749681
1507989540,5694.66,5695,5693.63,5694.99,2.21081973,12589.571576,5694.5265166
1507989600,5694.99,5695,5694.21,5695,5.96797122,33987.437292,5694.9733903
1507989660,5695,5695,5694.98,5695,2.42780165,13826.318659,5694.9951652
1507989720,5695,5695,5695,5695,1.63700298,9322.7319711,5695
1507989780,5695,5695,5694.99,5695,2.12132492,12080.93026,5694.9928537
1507989840,5695,5695,5694.99,5694.99,0.42062499,2395.459207,5694.9997361
1507989900,5695,5695,5694.99,5694.99,12.73510521,72526.300865,5694.9903176
1507989960,5695,5695,5689,5689.02,6.89248498,39244.661969,5693.8335132
1507990020,5689.02,5689.02,5686.12,5689.01,13.41683765,76327.493551,5688.9332302
1507990080,5688.99,5689,5688.98,5688.98,2.49033886,14167.498485,5688.9842231
1507990140,5688.98,5688.98,5688.97,5688.98,7.68759773,43734.539544,5688.9734713
1507990200,5688.98,5688.98,5688.98,5688.98,1.32139486,7517.3889306,5688.98
1507990260,5688.98,5688.98,5688.97,5688.98,2.67828217,15236.671599,5688.9717482
1507990320,5688.98,5694.7,5688.98,5690.66,4.89407288,27859.515843,5692.5012206
1507990380,5690.62,5692.62,5688.49,5690.72,3.61801566,20585.04851,5689.5962993
1507990440,5690.72,5695,5688.05,5695,9.72636392,55354.762003,5691.2081903
1507990500,5693.01,5693.01,5689.05,5691.1,7.12617147,40544.513197,5689.5225393
1507990560,5689.47,5691.1,5686.51,5687.04,2.44904087,13931.916407,5688.7235234
1507990620,5689.72,5690.07,5686.55,5690.06,0.85759252,4878.8522214,5689.0097658
1507990680,5689.97,5693.99,5689.97,5693.97,6.70370963,38163.066407,5692.8280778
1507990740,5693.99,5694,5693.6,5693.6,8.81257082,50176.692416,5693.7633116
1507990800,5693.86,5694,5689.81,5693.19,5.34231646,30415.604346,5693.3363221
1507990860,5693.86,5693.99,5693.19,5693.99,2.70489822,15401.283958,5693.8497148
1507990920,5693.99,5694,5692.21,5693.99,1.72605421,9826.3717742,5692.9682262
1507990980,5693.98,5693.98,5693.95,5693.95,1.174525,6687.688794,5693.9518478
1507991040,5693.95,5693.95,5693.92,5693.94,0.9476725,5395.9961838,5693.946151
1507991100,5693.49,5693.49,5690,5693.32,4.64761621,26457.565368,5692.7173357
1507991160,5693.32,5693.95,5690.22,5693.22,3.83085663,21806.140877,5692.2362236
1508424600,5727.9,5727.9,5721.17,5721.18,11.08970975,63487.753189,5724.9246933
1508424660,5721.18,5721.18,5716.52,5718.44,6.47877158,37048.513533,5718.4472512
1508424720,5718.44,5718.44,5715,5715.01,3.55773911,20336.529349,5716.1384577
1508424780,5715.01,5715.01,5715,5715.01,2.17280166,12417.57372,5715.0056302
1508424840,5715.01,5715.01,5710,5710,17.92560614,102409.99469,5713.0561663
1508424900,5710.01,5710.01,5702.5,5709.75,20.78001805,118578.25209,5706.3594363
1508424960,5709.76,5709.76,5709.75,5709.76,3.82787352,21856.217014,5709.7542277
1508425020,5709.76,5710.01,5709.76,5710,17.27108366,98615.327863,5709.8517849
1508425080,5710.01,5710.05,5710.01,5710.05,4.35499635,24867.079195,5710.0114895
1508425140,5710.05,5712,5710.05,5712,5.2812248,30159.727347,5710.7448535
1508425200,5712,5716.14,5712,5716.13,8.00148676,45720.304394,5713.9761353
1508425260,5716.14,5725,5716.14,5725,7.26139576,41539.723459,5720.6251844
1508425320,5722,5725,5722,5724.39,3.90691802,22358.826146,5722.8808058
1508425380,5724.4,5727.12,5724.4,5726.87,4.51917631,25871.165646,5724.7524486
1508425440,5726.87,5726.87,5726.86,5726.87,4.04332591,23155.600021,5726.8695466
1508425500,5726.87,5726.87,5726.86,5726.87,1.8746634,10735.942021,5726.8638309
1508425560,5726.87,5726.87,5726.86,5726.87,4.6094586,26397.769495,5726.8698529
1508425620,5726.87,5726.87,5717,5724.97,13.76466947,78795.700218,5724.4890907
1508425680,5724.97,5724.97,5722.61,5724.93,5.10968901,29251.061002,5724.6264781
1508425740,5724.96,5724.97,5720.01,5720.01,3.34253289,19129.129332,5722.9442347
1508425800,5720.01,5720.01,5702.5,5702.5,20.82454196,118894.75795,5709.3576502
1508425860,5702.23,5702.23,5689.77,5689.78,27.90821382,158917.67309,5694.2975326
1508425920,5689.78,5690,5689.77,5690,4.15932253,23665.939701,5689.8544248
1508425980,5689.99,5706.33,5689.99,5706.33,11.44530335,65204.732547,5697.0733368
1508426040,5706.33,5706.33,5706.32,5706.32,2.37599602,13558.207525,5706.325857
1508426100,5706.33,5706.33,5698.13,5698.42,6.45575877,36807.194031,5701.4512689
1508426160,5698.42,5698.42,5698.08,5698.11,3.8399385,21880.506603,5698.1398537
1508426220,5698.11,5698.62,5698.11,5698.61,8.32207661,47422.875044,5698.4425002
1508426280,5698.61,5698.61,5698.6,5698.61,3.2419406,18474.535168,5698.6038449
1508426340,5698.61,5698.61,5697.12,5697.12,1.13101456,6444.1243115,5697.649296
1508426400,5697.12,5697.12,5696.56,5696.56,4.76247301,27130.848877,5696.7984533
1508426460,5696.56,5696.56,5690,5690.28,6.30338596,35869.079744,5690.4463683
1508426520,5690.28,5690.28,5681.12,5687.1,9.51018388,54089.736316,5687.5594625
1508426580,5687.11,5687.11,5687.1,5687.11,5.17439531,29427.347211,5687.1084346
1508426640,5687.11,5687.11,5687.1,5687.11,5.25770129,29901.099501,5687.1050393
1508426700,5687.11,5687.11,5687.1,5687.11,3.95020032,22465.223112,5687.1098405
1508426760,5687.11,5687.11,5687.1,5687.1,10.95192527,62284.708122,5687.1012709
1508426820,5687.11,5687.11,5687.11,5687.11,4.61365688,26238.374179,5687.11
1508426880,5687.11,5698.61,5687.11,5698.61,7.36075705,41896.673242,5691.8973085
1508426940,5698.61,5712,5698.61,5711.99,8.24582428,47037.010792,5704.3430947
1508427000,5712,5712,5712,5712,2.70197639,15433.68914,5712
1508427060,5712,5712,5711.99,5712,0.76857647,4390.1023036,5711.9915519
1508427120,5712,5712,5709.11,5709.12,6.41029792,36610.477832,5711.1975589
1508427180,5709.12,5709.12,5709.11,5709.12,3.95829889,22598.403161,5709.11995
1508427240,5709.12,5709.12,5701.89,5703.09,5.88719458,33587.701103,5705.2133485
1508427300,5703.07,5703.07,5703.03,5703.04,4.17234007,23795.030851,5703.0420464
1508427360,5703.04,5703.04,5701.56,5701.81,4.06487847,23177.583975,5701.9131436
1508427420,5701.58,5701.58,5701.57,5701.58,1.84206508,10502.675878,5701.5769921
1508427480,5701.58,5702,5699.98,5701.84,8.57066247,48861.841054,5701.057675
1508427540,5701,5701,5698.31,5698.62,3.58173658,20411.807695,5698.8578693
1508427600,5698.62,5698.62,5698.61,5698.61,3.99046946,22740.163784,5698.6186743
1508427660,5698.62,5698.62,5698.61,5698.62,3.76833608,21474.312765,5698.6193135
1508427720,5698.62,5698.62,5698.61,5698.62,3.04572601,17356.43276,5698.6192137
1508427780,5698.62,5698.62,5698.62,5698.62,1.93980842,11054.231058,5698.62
1508427840,5698.62,5698.62,5691.89,5692.03,4.25944705,24256.523429,5694.7587666
1508427900,5691.84,5691.84,5682.1,5685.18,28.95670722,164658.64718,5686.3733134
1508427960,5685.18,5692.03,5680.01,5691.97,21.75878025,123747.01519,5687.2220669
1508428020,5691.98,5691.98,5680,5687.54,20.48208651,116446.62248,5685.2910186
1508428080,5687.54,5687.54,5687.49,5687.49,0.78949096,4490.2272017,5687.4966646
1508428140,5687.49,5687.49,5687.01,5687.04,4.3998576,25023.192953,5687.2733682
1508428200,5687.04,5690,5687.04,5690,7.29273716,41476.743358,5687.4041183
1508428260,5690,5690,5689,5689,2.07215777,11789.912,5689.678735
1508428320,5689.02,5689.02,5689.02,5689.02,0.66180575,3765.0261479,5689.02
1508428380,5689.02,5689.02,5689.02,5689.02,0.79566795,4526.5708809,5689.02
1508428440,5689.02,5689.02,5685,5685.02,5.45475315,31024.682646,5687.6419139
1508428500,5685.02,5685.02,5660,5665.61,29.82623821,169234.77048,5674.0232975
1508428560,5665.61,5665.61,5625.02,5625.02,73.72612905,416307.05455,5646.669097
1508428620,5629.1,5630,5614.23,5614.66,55.53069627,312274.23114,5623.4524708
1508428680,5614.66,5652.01,5614.65,5650.21,50.46811228,283711.81928,5621.6055339
1508428740,5650.22,5650.22,5650.21,5650.22,4.62554152,26135.299901,5650.2140967
1508428800,5650.22,5650.22,5650.22,5650.22,2.09057226,11812.193195,5650.22
1508428860,5650.22,5655.16,5650.21,5655.16,13.48556481,76239.671087,5653.4281034
1508428920,5655.16,5659.1,5655.15,5655.55,7.29120105,41247.222953,5657.1232463
1508428980,5657.54,5657.54,5633.78,5634.67,19.65714281,110971.8575,5645.370671
1508429040,5634.65,5640.68,5634.65,5636.87,13.42540082,75665.62462,5636.0048862
1508429100,5636.87,5646.97,5636.86,5646.97,5.23826598,29539.072192,5639.0936055
1508429160,5647.24,5657.54,5647.23,5657.53,6.38132987,36066.887357,5651.9390302
1508429220,5657.54,5657.54,5657.53,5657.54,2.15144364,12171.858744,5657.5308399
1508429280,5657.54,5659,5657.53,5658.99,10.59623699,59956.376109,5658.2705885
1508429340,5658.99,5658.99,5657.54,5657.54,0.81947566,4636.4947565,5657.8797673
1508429400,5657.55,5657.55,5657.54,5657.55,0.92152126,5213.5521618,5657.5495196
1508429460,5657.55,5661.36,5657.54,5661.36,5.29133192,29944.965974,5659.2492073
1508429520,5661.36,5661.36,5661.35,5661.35,3.64754481,20650.054534,5661.3573264
1508429580,5661.36,5676.06,5661.36,5672.12,13.90866137,78872.748482,5670.7648841
1508429640,5672.12,5674.58,5672.11,5674.57,1.61535824,9162.9066094,5672.3681364
1508429700,5674.58,5690,5674.57,5690,8.35851315,47496.406456,5682.3989631
1508429760,5690,5697,5669.99,5669.99,39.52871968,224691.99388,5684.2719849
1508429820,5672.6,5672.6,5670.47,5672,14.99559964,85042.591504,5671.1697795
1508429880,5672.01,5678.52,5672,5672.69,5.06167116,28718.606749,5673.7401227
1508429940,5672.69,5672.69,5672.69,5672.69,0.44384987,2517.8227191,5672.69
1508430000,5672.69,5672.69,5672.68,5672.69,3.77014898,21386.854401,5672.6815079
1508430060,5672.01,5672.69,5670.11,5672.5,7.74812989,43951.267128,5672.5000421
1508430120,5670.06,5670.06,5664.81,5664.81,8.09163608,45863.481835,5668.0109413
1508430180,5664.81,5664.81,5664.8,5664.81,5.21812423,29559.671734,5664.8079715
1508430240,5664.81,5665,5664.72,5665,9.45860257,53582.02177,5664.898316
1508430300,5665,5665,5664.99,5665,3.93860374,22312.180435,5664.997524
1508430360,5665,5669.11,5664.99,5669.11,7.27445243,41223.016955,5666.8206098
1508430420,5669.11,5669.11,5669.11,5669.11,5.19190541,29433.482879,5669.11
1508430480,5669.11,5669.11,5660.03,5665.14,12.29026858,69659.425973,5667.8522133
1508430540,5665.14,5665.14,5665.14,5665.14,1.39804242,7920.1060352,5665.14
1508430600,5665.14,5665.14,5655,5655.02,12.03434299,68130.739684,5661.3593065
1508430660,5655.02,5660.97,5655.02,5658.97,5.12619691,29007.365573,5658.6522293
1508430720,5658.97,5665.19,5658.96,5660.25,9.55892503,54103.496271,5659.9979707
1508430780,5660.3,5663.04,5660.3,5661.48,5.18583543,29356.68236,5660.9359776
1508430840,5661.49,5665.7,5661.49,5665.7,6.53794724,37030.880152,5663.9918911
1508430900,5668.3,5668.3,5668.3,5668.3,9.51228933,53918.509609,5668.3
1508430960,5668.3,5674.84,5668.3,5674.84,2.37819229,13484.751086,5670.168532
1508431020,5674.84,5679.98,5674.84,5679.97,3.58608609,20361.010225,5677.7806538
1508431080,5679.98,5680,5679.98,5680,1.81768951,10324.467737,5679.995225
1508431140,5680,5685,5680,5684.99,3.26833185,18567.172269,5680.9323905
1508431200,5685,5685,5684.99,5684.99,2.62400396,14917.458113,5684.9983232
1508431260,5685,5685,5685,5685,2.28296703,12978.667566,5685
1508431320,5685,5685,5684.99,5685,2.07369796,11788.960698,5684.9941144
1508431380,5685,5685.82,5685,5685.82,8.85960652,50368.21538,5685.1526382
1508431440,5685.82,5685.96,5685.82,5685.96,3.54562987,20159.875182,5685.8374736
1508431500,5685.96,5685.96,5685.95,5685.96,3.25361366,18499.916395,5685.9597753
1508431560,5685.96,5685.96,5684.99,5684.99,5.29475835,30105.141394,5685.8385981
1508431620,5685,5685,5675.76,5675.76,6.86454005,38991.510333,5680.1344372
1508431680,5675.77,5678.42,5675.76,5678.38,4.46426105,25338.597315,5675.8771567
1508431740,5678.42,5678.42,5677.73,5678.42,1.33137232,7559.8089943,5678.2080269
1508431800,5678.42,5682.39,5678.42,5679.88,2.67793083,15207.676202,5678.890594
1508431860,5679.88,5683.9,5679.88,5683.9,2.18920865,12440.642099,5682.7119238
1508431920,5683.9,5684.81,5683.9,5684.81,4.40410859,25033.05892,5684.023999
1508431980,5684.81,5685,5684.8,5684.99,7.24046968,41161.014955,5684.854267
1508432040,5684.99,5685,5684.99,5684.99,5.08662102,28917.390733,5684.9902163
1508432100,5685,5685,5684.99,5685,2.61419706,14861.685063,5684.9903515
1508432160,5685,5685,5684.99,5685,10.01162304,56916.067008,5684.9990037
1508432220,5685,5685,5684.03,5684.04,5.45454199,31007.024408,5684.6247521
1508432280,5684.04,5684.04,5678.41,5678.42,9.00584424,51166.37769,5681.4637614
1508432340,5678.42,5678.42,5678.42,5678.42,2.06382103,11719.242613,5678.42
1508432400,5678.42,5678.42,5678.01,5678.01,4.68414025,26597.042704,5678.10554
1508432460,5678.01,5683.52,5678.01,5678.3,6.56588566,37287.429134,5678.9641284
1508432520,5678.31,5681.58,5678.31,5681.14,2.20206522,12508.076279,5680.1570478
1508432580,5681.03,5681.15,5681.02,5681.02,0.62212103,3534.3068999,5681.060002
1508432640,5681.02,5681.73,5681.01,5681.02,5.27753951,29983.221534,5681.287933
1508432700,5681.02,5681.02,5681.01,5681.01,1.76510822,10027.613834,5681.0192828
1508432760,5681.02,5681.02,5681.01,5681.02,1.58582103,9009.0805509,5681.0197244
1508432820,5681.02,5681.02,5681.01,5681.02,3.05332103,17345.977738,5681.0199672
1508432880,5681.02,5681.02,5672.67,5675.02,7.62670104,43298.94669,5677.2838561
1508432940,5674.02,5674.02,5674.01,5674.02,2.26508368,12852.125954,5674.0181687
1508433000,5674.02,5674.02,5672.47,5672.47,8.44071595,47890.505617,5673.7492294
1508433060,5670.01,5670.01,5670.01,5670.01,2.74906873,15587.24719,5670.01
1508433120,5670.01,5670.01,5670,5670.01,4.48811683,25447.666444,5670.0098077
1508433180,5670.01,5675,5670.01,5675,2.38224986,13514.433171,5672.9704963
1508433240,5675,5678.06,5675,5678.06,4.89797161,27802.463558,5676.3219087
1508433300,5678.06,5678.06,5678.06,5678.06,4.30979826,24471.293108,5678.06
1508433360,5678.06,5678.06,5678.05,5678.06,3.47001222,19702.931125,5678.058138
1508433420,5678.06,5678.06,5678.05,5678.05,3.15424292,17909.97412,5678.0579601
1508433480,5678.06,5678.06,5678.06,5678.06,0.44490963,2526.2235737,5678.06
1508456640,5711,5714.97,5711,5712.92,1.8618727,10636.937866,5713.0317591
1508456700,5712.92,5712.92,5707.68,5707.69,3.63925564,20777.448395,5709.2577303
1508456760,5707.69,5707.69,5707.68,5707.69,2.93560439,16755.50728,5707.685728
1508456820,5707.69,5707.69,5705.28,5707.47,1.43643273,8196.4596189,5706.1214547
1508456880,5706.83,5706.83,5705.24,5705.24,6.48516771,37000.196467,5705.3569193
1508456940,5705.25,5705.25,5705.24,5705.25,6.53886162,37305.798548,5705.2436213
1508457000,5705.25,5705.25,5705.24,5705.25,2.55172612,14558.235178,5705.2498949
1508457060,5705.25,5705.25,5705.24,5705.25,2.6457291,15094.527857,5705.2431622
1508457120,5705.01,5705.01,5705.01,5705.01,2.23999467,12779.191992,5705.01
1508457180,5705.01,5705.01,5701.01,5701.01,1.90665984,10877.267534,5704.8810206
1508457240,5703.22,5703.22,5700,5700,4.79378611,27325.020313,5700.0916782
1508457300,5700.01,5700.01,5700,5700,1.49222167,8505.6773489,5700.009268
1508457360,5700.01,5700.01,5700,5700.01,4.1075983,23413.350886,5700.0098783
1508457420,5700.01,5700.54,5700.01,5700.54,3.37707487,19250.702466,5700.4073664
1508457480,5700.54,5704.01,5700.53,5704.01,5.57225454,31770.431877,5701.5399511
1508457540,5703.96,5704.01,5702.87,5704.01,2.48975365,14200.042922,5703.3927522
1508457600,5704,5704.01,5704,5704.01,1.70045505,9699.4116098,5704.0094119
